Workbook

Sheet Print_All
A1: บัญชีรายการชุดข้อมูลพื้นฐาน (Baseline Data Inventory)
A3: รหัส Dataset ID | B3: ชื่อชุดข้อมูล (TH) Dataset Name (Thai) | C3: ขอบข่าย / ข้อมูลย่อย / ประเภทข้อมูล Domain / Sub-Domain / Data Entity | D3: ภัยที่เกี่ยวข้อง Related Hazards | E3: ช่วงเวลา Time Period | F3: ความละเอียดเชิงเวลา Temporal Resolution | G3: ขอบเขต / ความละเอียดเชิงพื้นที่ Spatial Scope / Resolution | H3: รูปแบบไฟล์ / ระดับการเข้าถึง Format / Access Level | I3: URL
A4: BMA — กรุงเทพมหานคร
A5: =IFERROR(IF(BMA!A2="","",BMA!A2),"") -> BMA_1_1 | B5: =IFERROR(IF(BMA!B2="","",BMA!B2),"") -> ข้อมูลปริมาณน้ำฝนจากสถานีตรวจวัดของ กทม. (Rainfall measurements from BMA stations) | C5: =IFERROR(IF(BMA!A2="","",BMA!C2&CHAR(10)&BMA!D2&CHAR(10)&BMA!E2),"") -> IMPACT (Backward-looking) Hazard METEOROLOGICAL_OBSERVATION | D5: =IFERROR(IF(BMA!F2="","",BMA!F2),"") -> Flood (อุทกภัย); Storm (พายุ) | E5: =IFERROR(IF(BMA!I2="","",BMA!I2),"") -> - | F5: =IFERROR(IF(BMA!K2="","",BMA!K2),"") -> Real-time | G5: =IFERROR(IF(BMA!A2="","",BMA!L2&" / "&BMA!M2),"") -> Point / สถานีตรวจวัดของ กทม. | H5: =IFERROR(IF(BMA!A2="","",BMA!N2&" / "&BMA!O2),"") -> API / Web Service; CSV / Open | I5: =IFERROR(IF(BMA!P2="","",HYPERLINK(BMA!P2,IF(LEN(BMA!P2)>45,LEFT(BMA!P2,42)&"...",BMA!P2))),"") -> https://weather.bangkok.go.th
A6: =IFERROR(IF(BMA!A3="","",BMA!A3),"") -> BMA_1_2 | B6: =IFERROR(IF(BMA!B3="","",BMA!B3),"") -> ข้อมูลภาพเรดาร์ตรวจฝน (Rainfall radar data) | C6: =IFERROR(IF(BMA!A3="","",BMA!C3&CHAR(10)&BMA!D3&CHAR(10)&BMA!E3),"") -> Forward-looking Hazard METEOROLOGICAL_OBSERVATION | D6: =IFERROR(IF(BMA!F3="","",BMA!F3),"") -> Flood (อุทกภัย); Storm (พายุ) | E6: =IFERROR(IF(BMA!I3="","",BMA!I3),"") -> - | F6: =IFERROR(IF(BMA!K3="","",BMA!K3),"") -> Sub-daily | G6: =IFERROR(IF(BMA!A3="","",BMA!L3&" / "&BMA!M3),"") -> Sub-national / - | H6: =IFERROR(IF(BMA!A3="","",BMA!N3&" / "&BMA!O3),"") -> Image; API / Web Service / Open | I6: =IFERROR(IF(BMA!P3="","",HYPERLINK(BMA!P3,IF(LEN(BMA!P3)>45,LEFT(BMA!P3,42)&"...",BMA!P3))),"") -> https://weather.bangkok.go.th
A7: =IFERROR(IF(BMA!A4="","",BMA!A4),"") -> BMA_2_1 | B7: =IFERROR(IF(BMA!B4="","",BMA!B4),"") -> ข้อมูลระดับน้ำในคลอง (Canal water levels) | C7: =IFERROR(IF(BMA!A4="","",BMA!C4&CHAR(10)&BMA!D4&CHAR(10)&BMA!E4),"") -> IMPACT (Backward-looking) Hazard HAZARDOUS_EVENT | D7: =IFERROR(IF(BMA!F4="","",BMA!F4),"") -> Flood (อุทกภัย) | E7: =IFERROR(IF(BMA!I4="","",BMA!I4),"") -> - | F7: =IFERROR(IF(BMA!K4="","",BMA!K4),"") -> Real-time | G7: =IFERROR(IF(BMA!A4="","",BMA!L4&" / "&BMA!M4),"") -> Point / คลอง/ประตูระบายน้ำ | H7: =IFERROR(IF(BMA!A4="","",BMA!N4&" / "&BMA!O4),"") -> API / Web Service / Open | I7: =IFERROR(IF(BMA!P4="","",HYPERLINK(BMA!P4,IF(LEN(BMA!P4)>45,LEFT(BMA!P4,42)&"...",BMA!P4))),"") -> https://data.bangkok.go.th/th/
A8: =IFERROR(IF(BMA!A5="","",BMA!A5),"") -> BMA_2_2 | B8: =IFERROR(IF(BMA!B5="","",BMA!B5),"") -> ข้อมูลตรวจวัดน้ำท่วมถนน (Road-flood monitoring data) | C8: =IFERROR(IF(BMA!A5="","",BMA!C5&CHAR(10)&BMA!D5&CHAR(10)&BMA!E5),"") -> IMPACT (Backward-looking) Disaster Record DISASTER_RECORD | D8: =IFERROR(IF(BMA!F5="","",BMA!F5),"") -> Flood (อุทกภัย) | E8: =IFERROR(IF(BMA!I5="","",BMA!I5),"") -> - | F8: =IFERROR(IF(BMA!K5="","",BMA!K5),"") -> Real-time | G8: =IFERROR(IF(BMA!A5="","",BMA!L5&" / "&BMA!M5),"") -> Point / จุดตรวจวัด | H8: =IFERROR(IF(BMA!A5="","",BMA!N5&" / "&BMA!O5),"") -> API / Web Service / Open | I8: =IFERROR(IF(BMA!P5="","",HYPERLINK(BMA!P5,IF(LEN(BMA!P5)>45,LEFT(BMA!P5,42)&"...",BMA!P5))),"") -> https://data.bangkok.go.th/th/
A9: =IFERROR(IF(BMA!A6="","",BMA!A6),"") -> BMA_2_3 | B9: =IFERROR(IF(BMA!B6="","",BMA!B6),"") -> ฐานข้อมูลทรัพย์สินระบบระบายน้ำ ท่อ คลอง อุโมงค์ สถานีสูบน้ำ ประตูระบายน้ำ (Drainage system asset inventory) | C9: =IFERROR(IF(BMA!A6="","",BMA!C6&CHAR(10)&BMA!D6&CHAR(10)&BMA!E6),"") -> Spatial Unit Exposure EXPOSED_ASSET | D9: =IFERROR(IF(BMA!F6="","",BMA!F6),"") -> Flood (อุทกภัย) | E9: =IFERROR(IF(BMA!I6="","",BMA!I6),"") -> - | F9: =IFERROR(IF(BMA!K6="","",BMA!K6),"") -> Annual | G9: =IFERROR(IF(BMA!A6="","",BMA!L6&" / "&BMA!M6),"") -> Sub-national / ทั่วพื้นที่ กทม. | H9: =IFERROR(IF(BMA!A6="","",BMA!N6&" / "&BMA!O6),"") -> Shapefile; Database / Restricted | I9: =IFERROR(IF(BMA!P6="","",HYPERLINK(BMA!P6,IF(LEN(BMA!P6)>45,LEFT(BMA!P6,42)&"...",BMA!P6))),"") -> https://data.bangkok.go.th/th/
A10: =IFERROR(IF(BMA!A7="","",BMA!A7),"") -> BMA_2_4 | B10: =IFERROR(IF(BMA!B7="","",BMA!B7),"") -> ข้อมูลห้องและจุดคลายร้อนของ กทม. (Cooling rooms / cooling points) | C10: =IFERROR(IF(BMA!A7="","",BMA!C7&CHAR(10)&BMA!D7&CHAR(10)&BMA!E7),"") -> Adaptation Planning Response RESPONSE | D10: =IFERROR(IF(BMA!F7="","",BMA!F7),"") -> Heat (คลื่นความร้อน) | E10: =IFERROR(IF(BMA!I7="","",BMA!I7),"") -> 2569 (2026) | F10: =IFERROR(IF(BMA!K7="","",BMA!K7),"") -> Annual | G10: =IFERROR(IF(BMA!A7="","",BMA!L7&" / "&BMA!M7),"") -> Sub-national / ทั่วพื้นที่ กทม. | H10: =IFERROR(IF(BMA!A7="","",BMA!N7&" / "&BMA!O7),"") -> Database; PDF Report / Open | I10: =IFERROR(IF(BMA!P7="","",HYPERLINK(BMA!P7,IF(LEN(BMA!P7)>45,LEFT(BMA!P7,42)&"...",BMA!P7))),"") -> https://data.bangkok.go.th/th/
A11: =IFERROR(IF(BMA!A8="","",BMA!A8),"") -> BMA_3_1 | B11: =IFERROR(IF(BMA!B8="","",BMA!B8),"") -> ข้อมูลคุณภาพอากาศและดัชนีความร้อนของ กทม. (Air quality monitoring & Heat Index) | C11: =IFERROR(IF(BMA!A8="","",BMA!C8&CHAR(10)&BMA!D8&CHAR(10)&BMA!E8),"") -> IMPACT (Backward-looking) Hazard ENVIRONMENT | D11: =IFERROR(IF(BMA!F8="","",BMA!F8),"") -> Heat (คลื่นความร้อน); Air Quality / Haze (คุณภาพอากาศ / หมอกควัน) | E11: =IFERROR(IF(BMA!I8="","",BMA!I8),"") -> - | F11: =IFERROR(IF(BMA!K8="","",BMA!K8),"") -> Real-time | G11: =IFERROR(IF(BMA!A8="","",BMA!L8&" / "&BMA!M8),"") -> Point / สถานีตรวจวัด | H11: =IFERROR(IF(BMA!A8="","",BMA!N8&" / "&BMA!O8),"") -> API / Web Service / Open | I11: =IFERROR(IF(BMA!P8="","",HYPERLINK(BMA!P8,IF(LEN(BMA!P8)>45,LEFT(BMA!P8,42)&"...",BMA!P8))),"") -> https://airbkk.com
A12: CDD — กรมการพัฒนาชุมชน
A13: =IFERROR(IF(CDD!A2="","",CDD!A2),"") -> CDD_1_1 | B13: =IFERROR(IF(CDD!B2="","",CDD!B2),"") -> จำนวนครัวเรือนกลุ่มเปราะบาง | C13: =IFERROR(IF(CDD!A2="","",CDD!C2&CHAR(10)&CDD!D2&CHAR(10)&CDD!E2),"") -> Forward-looking Vulnerability SENSITIVITY | D13: =IFERROR(IF(CDD!F2="","",CDD!F2),"") -> Cross-cutting (ทุกภัย) | E13: =IFERROR(IF(CDD!I2="","",CDD!I2),"") -> 2025 หรือล่าสุด | F13: =IFERROR(IF(CDD!K2="","",CDD!K2),"") -> Annual | G13: =IFERROR(IF(CDD!A2="","",CDD!L2&" / "&CDD!M2),"") -> National / Mooban | H13: =IFERROR(IF(CDD!A2="","",CDD!N2&" / "&CDD!O2),"") -> Shapefile / Vector; CSV; API / Web Service / Restricted | I13: =IFERROR(IF(CDD!P2="","",HYPERLINK(CDD!P2,IF(LEN(CDD!P2)>45,LEFT(CDD!P2,42)&"...",CDD!P2))),"") -> https://dashboard66.cdd.go.th/Home/DashBoa...
A14: DCCE — กรมการเปลี่ยนแปลงสภาพภูมิอากาศและสิ่งแวดล้อม
A15: =IFERROR(IF(DCCE!A2="","",DCCE!A2),"") -> DCCE_2_1 | B15: =IFERROR(IF(DCCE!B2="","",DCCE!B2),"") -> ปริมาณน้ำฝน (GridData, historical) | C15: =IFERROR(IF(DCCE!A2="","",DCCE!C2&CHAR(10)&DCCE!D2&CHAR(10)&DCCE!E2),"") -> Forward-looking Climate Driver CLIMATE_DRIVER | D15: =IFERROR(IF(DCCE!F2="","",DCCE!F2),"") -> Drought (ภัยแล้ง) | E15: =IFERROR(IF(DCCE!I2="","",DCCE!I2),"") -> 1981-2023 | F15: =IFERROR(IF(DCCE!K2="","",DCCE!K2),"") -> Daily; Monthly | G15: =IFERROR(IF(DCCE!A2="","",DCCE!L2&" / "&DCCE!M2),"") -> National / 25 km (Grid) | H15: =IFERROR(IF(DCCE!A2="","",DCCE!N2&" / "&DCCE!O2),"") -> NetCDF / Restricted | I15: =IFERROR(IF(DCCE!P2="","",HYPERLINK(DCCE!P2,IF(LEN(DCCE!P2)>45,LEFT(DCCE!P2,42)&"...",DCCE!P2))),"") -> https://clim-webbased.dcce.go.th/DataServices
A16: =IFERROR(IF(DCCE!A3="","",DCCE!A3),"") -> DCCE_2_10 | B16: =IFERROR(IF(DCCE!B3="","",DCCE!B3),"") -> ความชื้นสัมพัทธ์ (WRF-Chem) | C16: =IFERROR(IF(DCCE!A3="","",DCCE!C3&CHAR(10)&DCCE!D3&CHAR(10)&DCCE!E3),"") -> Forward-looking Climate Driver CLIMATE_DRIVER | D16: =IFERROR(IF(DCCE!F3="","",DCCE!F3),"") -> ภัยแล้ง (Drought); ไฟป่า (Wildfire) | E16: =IFERROR(IF(DCCE!I3="","",DCCE!I3),"") -> 1981-2014 (historical); 2015-2099 (ssp585) | F16: =IFERROR(IF(DCCE!K3="","",DCCE!K3),"") -> Daily; Monthly | G16: =IFERROR(IF(DCCE!A3="","",DCCE!L3&" / "&DCCE!M3),"") -> National / 25 km (Grid) | H16: =IFERROR(IF(DCCE!A3="","",DCCE!N3&" / "&DCCE!O3),"") -> NetCDF / Restricted | I16: =IFERROR(IF(DCCE!P3="","",HYPERLINK(DCCE!P3,IF(LEN(DCCE!P3)>45,LEFT(DCCE!P3,42)&"...",DCCE!P3))),"") -> https://clim-webbased.dcce.go.th/DataServices
A17: =IFERROR(IF(DCCE!A4="","",DCCE!A4),"") -> DCCE_2_11 | B17: =IFERROR(IF(DCCE!B4="","",DCCE!B4),"") -> ปริมาณน้ำฝน (RegCM5, EC-Earth3-Veg) | C17: =IFERROR(IF(DCCE!A4="","",DCCE!C4&CHAR(10)&DCCE!D4&CHAR(10)&DCCE!E4),"") -> Forward-looking Climate Driver CLIMATE_DRIVER | D17: =IFERROR(IF(DCCE!F4="","",DCCE!F4),"") -> น้ำท่วม (Flood); ภัยแล้ง (Drought) | E17: =IFERROR(IF(DCCE!I4="","",DCCE!I4),"") -> 1960-2014 (historical); 2015-2099 (ssp245); 2015-2099 (ssp585) | F17: =IFERROR(IF(DCCE!K4="","",DCCE!K4),"") -> Daily; Monthly | G17: =IFERROR(IF(DCCE!A4="","",DCCE!L4&" / "&DCCE!M4),"") -> National / 25 km (Grid) | H17: =IFERROR(IF(DCCE!A4="","",DCCE!N4&" / "&DCCE!O4),"") -> NetCDF / Restricted | I17: =IFERROR(IF(DCCE!P4="","",HYPERLINK(DCCE!P4,IF(LEN(DCCE!P4)>45,LEFT(DCCE!P4,42)&"...",DCCE!P4))),"") -> https://clim-webbased.dcce.go.th/DataServices
A18: =IFERROR(IF(DCCE!A5="","",DCCE!A5),"") -> DCCE_2_12 | B18: =IFERROR(IF(DCCE!B5="","",DCCE!B5),"") -> อุณหภูมิสูงสุด (RegCM5, EC-Earth3-Veg) | C18: =IFERROR(IF(DCCE!A5="","",DCCE!C5&CHAR(10)&DCCE!D5&CHAR(10)&DCCE!E5),"") -> Forward-looking Climate Driver CLIMATE_DRIVER | D18: =IFERROR(IF(DCCE!F5="","",DCCE!F5),"") -> คลื่นความร้อน (Heat); ภัยแล้ง (Drought) | E18: =IFERROR(IF(DCCE!I5="","",DCCE!I5),"") -> 1960-2014 (historical); 2015-2099 (ssp245); 2015-2099 (ssp585) | F18: =IFERROR(IF(DCCE!K5="","",DCCE!K5),"") -> Daily; Monthly | G18: =IFERROR(IF(DCCE!A5="","",DCCE!L5&" / "&DCCE!M5),"") -> National / 25 km (Grid) | H18: =IFERROR(IF(DCCE!A5="","",DCCE!N5&" / "&DCCE!O5),"") -> NetCDF / Restricted | I18: =IFERROR(IF(DCCE!P5="","",HYPERLINK(DCCE!P5,IF(LEN(DCCE!P5)>45,LEFT(DCCE!P5,42)&"...",DCCE!P5))),"") -> https://clim-webbased.dcce.go.th/DataServices
A19: =IFERROR(IF(DCCE!A6="","",DCCE!A6),"") -> DCCE_2_13 | B19: =IFERROR(IF(DCCE!B6="","",DCCE!B6),"") -> อุณหภูมิต่ำสุด (RegCM5, EC-Earth3-Veg) | C19: =IFERROR(IF(DCCE!A6="","",DCCE!C6&CHAR(10)&DCCE!D6&CHAR(10)&DCCE!E6),"") -> Forward-looking Climate Driver CLIMATE_DRIVER | D19: =IFERROR(IF(DCCE!F6="","",DCCE!F6),"") -> คลื่นความเย็น (Cold spell); คลื่นความร้อน (Heat) | E19: =IFERROR(IF(DCCE!I6="","",DCCE!I6),"") -> 1960-2014 (historical); 2015-2099 (ssp245); 2015-2099 (ssp585) | F19: =IFERROR(IF(DCCE!K6="","",DCCE!K6),"") -> Daily; Monthly | G19: =IFERROR(IF(DCCE!A6="","",DCCE!L6&" / "&DCCE!M6),"") -> National / 25 km (Grid) | H19: =IFERROR(IF(DCCE!A6="","",DCCE!N6&" / "&DCCE!O6),"") -> NetCDF / Restricted | I19: =IFERROR(IF(DCCE!P6="","",HYPERLINK(DCCE!P6,IF(LEN(DCCE!P6)>45,LEFT(DCCE!P6,42)&"...",DCCE!P6))),"") -> https://clim-webbased.dcce.go.th/DataServices
A20: =IFERROR(IF(DCCE!A7="","",DCCE!A7),"") -> DCCE_2_14 | B20: =IFERROR(IF(DCCE!B7="","",DCCE!B7),"") -> อุณหภูมิเฉลี่ย (RegCM5, EC-Earth3-Veg) | C20: =IFERROR(IF(DCCE!A7="","",DCCE!C7&CHAR(10)&DCCE!D7&CHAR(10)&DCCE!E7),"") -> Forward-looking Climate Driver CLIMATE_DRIVER | D20: =IFERROR(IF(DCCE!F7="","",DCCE!F7),"") -> Multi-hazard | E20: =IFERROR(IF(DCCE!I7="","",DCCE!I7),"") -> 1960-2014 (historical); 2015-2099 (ssp245); 2015-2099 (ssp585) | F20: =IFERROR(IF(DCCE!K7="","",DCCE!K7),"") -> Daily; Monthly | G20: =IFERROR(IF(DCCE!A7="","",DCCE!L7&" / "&DCCE!M7),"") -> National / 25 km (Grid) | H20: =IFERROR(IF(DCCE!A7="","",DCCE!N7&" / "&DCCE!O7),"") -> NetCDF / Restricted | I20: =IFERROR(IF(DCCE!P7="","",HYPERLINK(DCCE!P7,IF(LEN(DCCE!P7)>45,LEFT(DCCE!P7,42)&"...",DCCE!P7))),"") -> https://clim-webbased.dcce.go.th/DataServices
A21: =IFERROR(IF(DCCE!A8="","",DCCE!A8),"") -> DCCE_2_15 | B21: =IFERROR(IF(DCCE!B8="","",DCCE!B8),"") -> ความชื้นสัมพัทธ์ (RegCM5, EC-Earth3-Veg) | C21: =IFERROR(IF(DCCE!A8="","",DCCE!C8&CHAR(10)&DCCE!D8&CHAR(10)&DCCE!E8),"") -> Forward-looking Climate Driver CLIMATE_DRIVER | D21: =IFERROR(IF(DCCE!F8="","",DCCE!F8),"") -> ภัยแล้ง (Drought); ไฟป่า (Wildfire) | E21: =IFERROR(IF(DCCE!I8="","",DCCE!I8),"") -> 1960-2014 (historical); 2015-2099 (ssp245); 2015-2099 (ssp585) | F21: =IFERROR(IF(DCCE!K8="","",DCCE!K8),"") -> Daily; Monthly | G21: =IFERROR(IF(DCCE!A8="","",DCCE!L8&" / "&DCCE!M8),"") -> National / 25 km (Grid) | H21: =IFERROR(IF(DCCE!A8="","",DCCE!N8&" / "&DCCE!O8),"") -> NetCDF / Restricted | I21: =IFERROR(IF(DCCE!P8="","",HYPERLINK(DCCE!P8,IF(LEN(DCCE!P8)>45,LEFT(DCCE!P8,42)&"...",DCCE!P8))),"") -> https://clim-webbased.dcce.go.th/DataServices
A22: =IFERROR(IF(DCCE!A9="","",DCCE!A9),"") -> DCCE_2_16 | B22: =IFERROR(IF(DCCE!B9="","",DCCE!B9),"") -> ปริมาณน้ำฝน (Statistical Downscaling, CMIP6) | C22: =IFERROR(IF(DCCE!A9="","",DCCE!C9&CHAR(10)&DCCE!D9&CHAR(10)&DCCE!E9),"") -> Forward-looking Climate Driver CLIMATE_DRIVER | D22: =IFERROR(IF(DCCE!F9="","",DCCE!F9),"") -> น้ำท่วม (Flood); ภัยแล้ง (Drought) | E22: =IFERROR(IF(DCCE!I9="","",DCCE!I9),"") -> 1981-2014 (historical); 2015-2100 (ssp245); 2015-2100 (ssp585) | F22: =IFERROR(IF(DCCE!K9="","",DCCE!K9),"") -> Daily; Monthly | G22: =IFERROR(IF(DCCE!A9="","",DCCE!L9&" / "&DCCE!M9),"") -> National / 5 km (Grid) | H22: =IFERROR(IF(DCCE!A9="","",DCCE!N9&" / "&DCCE!O9),"") -> NetCDF / Restricted | I22: =IFERROR(IF(DCCE!P9="","",HYPERLINK(DCCE!P9,IF(LEN(DCCE!P9)>45,LEFT(DCCE!P9,42)&"...",DCCE!P9))),"") -> https://clim-webbased.dcce.go.th/DataServices
A23: =IFERROR(IF(DCCE!A10="","",DCCE!A10),"") -> DCCE_2_17 | B23: =IFERROR(IF(DCCE!B10="","",DCCE!B10),"") -> อุณหภูมิสูงสุด (Statistical Downscaling, CMIP6) | C23: =IFERROR(IF(DCCE!A10="","",DCCE!C10&CHAR(10)&DCCE!D10&CHAR(10)&DCCE!E10),"") -> Forward-looking Climate Driver CLIMATE_DRIVER | D23: =IFERROR(IF(DCCE!F10="","",DCCE!F10),"") -> คลื่นความร้อน (Heat); ภัยแล้ง (Drought) | E23: =IFERROR(IF(DCCE!I10="","",DCCE!I10),"") -> 1981-2014 (historical); 2015-2100 (ssp245); 2015-2100 (ssp585) | F23: =IFERROR(IF(DCCE!K10="","",DCCE!K10),"") -> Daily; Monthly | G23: =IFERROR(IF(DCCE!A10="","",DCCE!L10&" / "&DCCE!M10),"") -> National / 5 km (Grid) | H23: =IFERROR(IF(DCCE!A10="","",DCCE!N10&" / "&DCCE!O10),"") -> NetCDF / Restricted | I23: =IFERROR(IF(DCCE!P10="","",HYPERLINK(DCCE!P10,IF(LEN(DCCE!P10)>45,LEFT(DCCE!P10,42)&"...",DCCE!P10))),"") -> https://clim-webbased.dcce.go.th/DataServices
A24: =IFERROR(IF(DCCE!A11="","",DCCE!A11),"") -> DCCE_2_18 | B24: =IFERROR(IF(DCCE!B11="","",DCCE!B11),"") -> อุณหภูมิต่ำสุด (Statistical Downscaling, CMIP6) | C24: =IFERROR(IF(DCCE!A11="","",DCCE!C11&CHAR(10)&DCCE!D11&CHAR(10)&DCCE!E11),"") -> Forward-looking Climate Driver CLIMATE_DRIVER | D24: =IFERROR(IF(DCCE!F11="","",DCCE!F11),"") -> คลื่นความเย็น (Cold spell); คลื่นความร้อน (Heat) | E24: =IFERROR(IF(DCCE!I11="","",DCCE!I11),"") -> 1981-2014 (historical); 2015-2100 (ssp245); 2015-2100 (ssp585) | F24: =IFERROR(IF(DCCE!K11="","",DCCE!K11),"") -> Daily; Monthly | G24: =IFERROR(IF(DCCE!A11="","",DCCE!L11&" / "&DCCE!M11),"") -> National / 5 km (Grid) | H24: =IFERROR(IF(DCCE!A11="","",DCCE!N11&" / "&DCCE!O11),"") -> NetCDF / Restricted | I24: =IFERROR(IF(DCCE!P11="","",HYPERLINK(DCCE!P11,IF(LEN(DCCE!P11)>45,LEFT(DCCE!P11,42)&"...",DCCE!P11))),"") -> https://clim-webbased.dcce.go.th/DataServices
A25: =IFERROR(IF(DCCE!A12="","",DCCE!A12),"") -> DCCE_2_19 | B25: =IFERROR(IF(DCCE!B12="","",DCCE!B12),"") -> อุณหภูมิเฉลี่ย (Statistical Downscaling, CMIP6) | C25: =IFERROR(IF(DCCE!A12="","",DCCE!C12&CHAR(10)&DCCE!D12&CHAR(10)&DCCE!E12),"") -> Forward-looking Climate Driver CLIMATE_DRIVER | D25: =IFERROR(IF(DCCE!F12="","",DCCE!F12),"") -> Multi-hazard | E25: =IFERROR(IF(DCCE!I12="","",DCCE!I12),"") -> 1981-2014 (historical); 2015-2100 (ssp245); 2015-2100 (ssp585) | F25: =IFERROR(IF(DCCE!K12="","",DCCE!K12),"") -> Daily; Monthly | G25: =IFERROR(IF(DCCE!A12="","",DCCE!L12&" / "&DCCE!M12),"") -> National / 5 km (Grid) | H25: =IFERROR(IF(DCCE!A12="","",DCCE!N12&" / "&DCCE!O12),"") -> NetCDF / Restricted | I25: =IFERROR(IF(DCCE!P12="","",HYPERLINK(DCCE!P12,IF(LEN(DCCE!P12)>45,LEFT(DCCE!P12,42)&"...",DCCE!P12))),"") -> https://clim-webbased.dcce.go.th/DataServices
A26: =IFERROR(IF(DCCE!A13="","",DCCE!A13),"") -> DCCE_2_2 | B26: =IFERROR(IF(DCCE!B13="","",DCCE!B13),"") -> อุณหภูมิสูงสุด (GridData, historical) | C26: =IFERROR(IF(DCCE!A13="","",DCCE!C13&CHAR(10)&DCCE!D13&CHAR(10)&DCCE!E13),"") -> Forward-looking Climate Driver CLIMATE_DRIVER | D26: =IFERROR(IF(DCCE!F13="","",DCCE!F13),"") -> Drought (ภัยแล้ง) | E26: =IFERROR(IF(DCCE!I13="","",DCCE!I13),"") -> 1981-2023 | F26: =IFERROR(IF(DCCE!K13="","",DCCE!K13),"") -> Daily; Monthly | G26: =IFERROR(IF(DCCE!A13="","",DCCE!L13&" / "&DCCE!M13),"") -> National / 25 km (Grid) | H26: =IFERROR(IF(DCCE!A13="","",DCCE!N13&" / "&DCCE!O13),"") -> NetCDF / Restricted | I26: =IFERROR(IF(DCCE!P13="","",HYPERLINK(DCCE!P13,IF(LEN(DCCE!P13)>45,LEFT(DCCE!P13,42)&"...",DCCE!P13))),"") -> https://clim-webbased.dcce.go.th/DataServices
... A40: =IFERROR(IF(DCCE!A27="","",DCCE!A27),"") -> DCCE_3_7 | B40: =IFERROR(IF(DCCE!B27="","",DCCE!B27),"") -> ดัชนีภูมิอากาศ | C40: =IFERROR(IF(DCCE!A27="","",DCCE!C27&CHAR(10)&DCCE!D27&CHAR(10)&DCCE!E27),"") -> Forward-looking Climate Driver CLIMATE_DRIVER | D40: =IFERROR(IF(DCCE!F27="","",DCCE!F27),"") -> Cross-cutting (ทุกภัย) | E40: =IFERROR(IF(DCCE!I27="","",DCCE!I27),"") -> 1960-2014; 2015-2040; 2041-2060; 2061-2080; 2081-2106 | F40: =IFERROR(IF(DCCE!K27="","",DCCE!K27),"") -> Annual | G40: =IFERROR(IF(DCCE!A27="","",DCCE!L27&" / "&DCCE!M27),"") -> National / Province | H40: =IFERROR(IF(DCCE!A27="","",DCCE!N27&" / "&DCCE!O27),"") -> CSV / Open | I40: =IFERROR(IF(DCCE!P27="","",HYPERLINK(DCCE!P27,IF(LEN(DCCE!P27)>45,LEFT(DCCE!P27,42)&"...",DCCE!P27))),"") -> https://ccic.dcce.go.th/riskarea
A41: DDPM — กรมป้องกันและบรรเทาสาธารณภัย
A42: =IFERROR(IF(DDPM!A2="","",DDPM!A2),"") -> DDPM_1_1 | B42: =IFERROR(IF(DDPM!B2="","",DDPM!B2),"") -> แผนที่ความเสี่ยงอุทกภัย | C42: =IFERROR(IF(DDPM!A2="","",DDPM!C2&CHAR(10)&DDPM!D2&CHAR(10)&DDPM!E2),"") -> Forward-looking Hazard HAZARD_MAP | D42: =IFERROR(IF(DDPM!F2="","",DDPM!F2),"") -> Flood (อุทกภัย) | E42: =IFERROR(IF(DDPM!I2="","",DDPM!I2),"") -> 2016-2025 | F42: =IFERROR(IF(DDPM!K2="","",DDPM!K2),"") -> Annual | G42: =IFERROR(IF(DDPM!A2="","",DDPM!L2&" / "&DDPM!M2),"") -> National / - | H42: =IFERROR(IF(DDPM!A2="","",DDPM!N2&" / "&DDPM!O2),"") -> Shapefile / Vector; CSV; API / Web Service / Restricted | I42: =IFERROR(IF(DDPM!P2="","",HYPERLINK(DDPM!P2,IF(LEN(DDPM!P2)>45,LEFT(DDPM!P2,42)&"...",DDPM!P2))),"") -> -
A43: =IFERROR(IF(DDPM!A3="","",DDPM!A3),"") -> DDPM_2_1 | B43: =IFERROR(IF(DDPM!B3="","",DDPM!B3),"") -> ข้อมูลเหตุการณ์ภัยพิบัติย้อนหลัง 10 ปี (10-year historical disaster occurrence data) | C43: =IFERROR(IF(DDPM!A3="","",DDPM!C3&CHAR(10)&DDPM!D3&CHAR(10)&DDPM!E3),"") -> IMPACT (Backward-looking) Disaster Record DISASTER_RECORD | D43: =IFERROR(IF(DDPM!F3="","",DDPM!F3),"") -> Cross-cutting (ทุกภัย) | E43: =IFERROR(IF(DDPM!I3="","",DDPM!I3),"") -> Unknown | F43: =IFERROR(IF(DDPM!K3="","",DDPM!K3),"") -> Event-based | G43: =IFERROR(IF(DDPM!A3="","",DDPM!L3&" / "&DDPM!M3),"") -> Mooban / Mooban | H43: =IFERROR(IF(DDPM!A3="","",DDPM!N3&" / "&DDPM!O3),"") -> Database / Restricted | I43: =IFERROR(IF(DDPM!P3="","",HYPERLINK(DDPM!P3,IF(LEN(DDPM!P3)>45,LEFT(DDPM!P3,42)&"...",DDPM!P3))),"") -> -
A44: =IFERROR(IF(DDPM!A4="","",DDPM!A4),"") -> DDPM_2_2 | B44: =IFERROR(IF(DDPM!B4="","",DDPM!B4),"") -> ข้อมูลผลการประเมินความเสี่ยงด้านสภาพภูมิอากาศภาคเหนือ 17 จังหวัด (Northern Region Climate Risk Assessment) | C44: =IFERROR(IF(DDPM!A4="","",DDPM!C4&CHAR(10)&DDPM!D4&CHAR(10)&DDPM!E4),"") -> Forward-looking Risk Metric COMPOSITE_INDEX | D44: =IFERROR(IF(DDPM!F4="","",DDPM!F4),"") -> Flood (อุทกภัย); Landslide (ดินถล่ม) | E44: =IFERROR(IF(DDPM!I4="","",DDPM!I4),"") -> Unknown | F44: =IFERROR(IF(DDPM!K4="","",DDPM!K4),"") -> Annual | G44: =IFERROR(IF(DDPM!A4="","",DDPM!L4&" / "&DDPM!M4),"") -> Sub-national / Sub-district | H44: =IFERROR(IF(DDPM!A4="","",DDPM!N4&" / "&DDPM!O4),"") -> PDF Report; Shapefile / Restricted | I44: =IFERROR(IF(DDPM!P4="","",HYPERLINK(DDPM!P4,IF(LEN(DDPM!P4)>45,LEFT(DDPM!P4,42)&"...",DDPM!P4))),"") -> -
A45: =IFERROR(IF(DDPM!A5="","",DDPM!A5),"") -> DDPM_2_3 | B45: =IFERROR(IF(DDPM!B5="","",DDPM!B5),"") -> ข้อมูลความเสียหายของทรัพย์สิน (ถนน ปศุสัตว์ วัด ฯลฯ) ตามรายงานของ อปท. (LAO-reported damage counts) | C45: =IFERROR(IF(DDPM!A5="","",DDPM!C5&CHAR(10)&DDPM!D5&CHAR(10)&DDPM!E5),"") -> IMPACT (Backward-looking) Loss & Damage LOSS_DAMAGE_RECORD | D45: =IFERROR(IF(DDPM!F5="","",DDPM!F5),"") -> Flood (อุทกภัย); Storm (พายุ); Drought (ภัยแล้ง) | E45: =IFERROR(IF(DDPM!I5="","",DDPM!I5),"") -> Unknown | F45: =IFERROR(IF(DDPM!K5="","",DDPM!K5),"") -> Event-based | G45: =IFERROR(IF(DDPM!A5="","",DDPM!L5&" / "&DDPM!M5),"") -> Mooban / Mooban | H45: =IFERROR(IF(DDPM!A5="","",DDPM!N5&" / "&DDPM!O5),"") -> Database / Restricted | I45: =IFERROR(IF(DDPM!P5="","",HYPERLINK(DDPM!P5,IF(LEN(DDPM!P5)>45,LEFT(DDPM!P5,42)&"...",DDPM!P5))),"") -> -
A46: =IFERROR(IF(DDPM!A6="","",DDPM!A6),"") -> DDPM_3_1 | B46: =IFERROR(IF(DDPM!B6="","",DDPM!B6),"") -> พื้นที่ประสบภัยน้ำแล้งรุนแรง | C46: =IFERROR(IF(DDPM!A6="","",DDPM!C6&CHAR(10)&DDPM!D6&CHAR(10)&DDPM!E6),"") -> Forward-looking Hazard HAZARDOUS_EVENT | D46: =IFERROR(IF(DDPM!F6="","",DDPM!F6),"") -> Drought (ภัยแล้ง); Heat (คลื่นความร้อน) | E46: =IFERROR(IF(DDPM!I6="","",DDPM!I6),"") -> 1960-2014; 2015-2040; 2041-2060; 2061-2080; 2081-2100 | F46: =IFERROR(IF(DDPM!K6="","",DDPM!K6),"") -> Annual | G46: =IFERROR(IF(DDPM!A6="","",DDPM!L6&" / "&DDPM!M6),"") -> National / Province | H46: =IFERROR(IF(DDPM!A6="","",DDPM!N6&" / "&DDPM!O6),"") -> CSV / Restricted | I46: =IFERROR(IF(DDPM!P6="","",HYPERLINK(DDPM!P6,IF(LEN(DDPM!P6)>45,LEFT(DDPM!P6,42)&"...",DDPM!P6))),"") -> -
A47: =IFERROR(IF(DDPM!A7="","",DDPM!A7),"") -> DDPM_3_2 | B47: =IFERROR(IF(DDPM!B7="","",DDPM!B7),"") -> มูลค่าความเสียหายจากภัยแล้ง | C47: =IFERROR(IF(DDPM!A7="","",DDPM!C7&CHAR(10)&DDPM!D7&CHAR(10)&DDPM!E7),"") -> IMPACT (Backward-looking) Loss & Damage LOSS_DAMAGE_RECORD | D47: =IFERROR(IF(DDPM!F7="","",DDPM!F7),"") -> Drought (ภัยแล้ง) | E47: =IFERROR(IF(DDPM!I7="","",DDPM!I7),"") -> 1960-2014; 2015-2040; 2041-2060; 2061-2080; 2081-2100 | F47: =IFERROR(IF(DDPM!K7="","",DDPM!K7),"") -> Annual | G47: =IFERROR(IF(DDPM!A7="","",DDPM!L7&" / "&DDPM!M7),"") -> National / Province | H47: =IFERROR(IF(DDPM!A7="","",DDPM!N7&" / "&DDPM!O7),"") -> CSV / Restricted | I47: =IFERROR(IF(DDPM!P7="","",HYPERLINK(DDPM!P7,IF(LEN(DDPM!P7)>45,LEFT(DDPM!P7,42)&"...",DDPM!P7))),"") -> -
A48: =IFERROR(IF(DDPM!A8="","",DDPM!A8),"") -> DDPM_3_3 | B48: =IFERROR(IF(DDPM!B8="","",DDPM!B8),"") -> พื้นที่ประสบภัยน้ำท่วมรุนแรง | C48: =IFERROR(IF(DDPM!A8="","",DDPM!C8&CHAR(10)&DDPM!D8&CHAR(10)&DDPM!E8),"") -> Forward-looking Hazard HAZARDOUS_EVENT | D48: =IFERROR(IF(DDPM!F8="","",DDPM!F8),"") -> Flood (อุทกภัย) | E48: =IFERROR(IF(DDPM!I8="","",DDPM!I8),"") -> 1960-2014; 2015-2040; 2041-2060; 2061-2080; 2081-2100 | F48: =IFERROR(IF(DDPM!K8="","",DDPM!K8),"") -> Annual | G48: =IFERROR(IF(DDPM!A8="","",DDPM!L8&" / "&DDPM!M8),"") -> National / Province | H48: =IFERROR(IF(DDPM!A8="","",DDPM!N8&" / "&DDPM!O8),"") -> CSV / Restricted | I48: =IFERROR(IF(DDPM!P8="","",HYPERLINK(DDPM!P8,IF(LEN(DDPM!P8)>45,LEFT(DDPM!P8,42)&"...",DDPM!P8))),"") -> -
A49: =IFERROR(IF(DDPM!A9="","",DDPM!A9),"") -> DDPM_3_4 | B49: =IFERROR(IF(DDPM!B9="","",DDPM!B9),"") -> สัดส่วนหมู่บ้านและชุมชนที่ประสบภัยแล้งรุนแรง | C49: =IFERROR(IF(DDPM!A9="","",DDPM!C9&CHAR(10)&DDPM!D9&CHAR(10)&DDPM!E9),"") -> IMPACT (Backward-looking) Loss & Damage LOSS_DAMAGE_RECORD | D49: =IFERROR(IF(DDPM!F9="","",DDPM!F9),"") -> Flood (อุทกภัย) | E49: =IFERROR(IF(DDPM!I9="","",DDPM!I9),"") -> 1960-2014; 2015-2040; 2041-2060; 2061-2080; 2081-2100 | F49: =IFERROR(IF(DDPM!K9="","",DDPM!K9),"") -> Annual | G49: =IFERROR(IF(DDPM!A9="","",DDPM!L9&" / "&DDPM!M9),"") -> National / Province | H49: =IFERROR(IF(DDPM!A9="","",DDPM!N9&" / "&DDPM!O9),"") -> CSV / Restricted | I49: =IFERROR(IF(DDPM!P9="","",HYPERLINK(DDPM!P9,IF(LEN(DDPM!P9)>45,LEFT(DDPM!P9,42)&"...",DDPM!P9))),"") -> -
A50: =IFERROR(IF(DDPM!A10="","",DDPM!A10),"") -> DDPM_3_5 | B50: =IFERROR(IF(DDPM!B10="","",DDPM!B10),"") -> ระยะเวลาที่น้ำท่วมขัง ในเขตที่อยู่อาศัย | C50: =IFERROR(IF(DDPM!A10="","",DDPM!C10&CHAR(10)&DDPM!D10&CHAR(10)&DDPM!E10),"") -> IMPACT (Backward-looking) Loss & Damage LOSS_DAMAGE_RECORD | D50: =IFERROR(IF(DDPM!F10="","",DDPM!F10),"") -> Flood (อุทกภัย) | E50: =IFERROR(IF(DDPM!I10="","",DDPM!I10),"") -> 1960-2014; 2015-2040; 2041-2060; 2061-2080; 2081-2100 | F50: =IFERROR(IF(DDPM!K10="","",DDPM!K10),"") -> Annual | G50: =IFERROR(IF(DDPM!A10="","",DDPM!L10&" / "&DDPM!M10),"") -> National / Province | H50: =IFERROR(IF(DDPM!A10="","",DDPM!N10&" / "&DDPM!O10),"") -> CSV / Restricted | I50: =IFERROR(IF(DDPM!P10="","",HYPERLINK(DDPM!P10,IF(LEN(DDPM!P10)>45,LEFT(DDPM!P10,42)&"...",DDPM!P10))),"") -> -
A51: =IFERROR(IF(DDPM!A11="","",DDPM!A11),"") -> DDPM_3_6 | B51: =IFERROR(IF(DDPM!B11="","",DDPM!B11),"") -> ระดับความลึกของน้ำท่วม ในเขตที่อยู่อาศัย | C51: =IFERROR(IF(DDPM!A11="","",DDPM!C11&CHAR(10)&DDPM!D11&CHAR(10)&DDPM!E11),"") -> IMPACT (Backward-looking) Loss & Damage LOSS_DAMAGE_RECORD | D51: =IFERROR(IF(DDPM!F11="","",DDPM!F11),"") -> Flood (อุทกภัย) | E51: =IFERROR(IF(DDPM!I11="","",DDPM!I11),"") -> 1960-2014; 2015-2040; 2041-2060; 2061-2080; 2081-2100 | F51: =IFERROR(IF(DDPM!K11="","",DDPM!K11),"") -> Annual | G51: =IFERROR(IF(DDPM!A11="","",DDPM!L11&" / "&DDPM!M11),"") -> National / Province | H51: =IFERROR(IF(DDPM!A11="","",DDPM!N11&" / "&DDPM!O11),"") -> CSV / Restricted | I51: =IFERROR(IF(DDPM!P11="","",HYPERLINK(DDPM!P11,IF(LEN(DDPM!P11)>45,LEFT(DDPM!P11,42)&"...",DDPM!P11))),"") -> -
A52: =IFERROR(IF(DDPM!A12="","",DDPM!A12),"") -> DDPM_3_7 | B52: =IFERROR(IF(DDPM!B12="","",DDPM!B12),"") -> สัดส่วนหมู่บ้านและชุมชนที่มีอุทกภัย/ดินโคลนถล่ม (รวม — ต่อหมู่บ้านทั้งหมด) | C52: =IFERROR(IF(DDPM!A12="","",DDPM!C12&CHAR(10)&DDPM!D12&CHAR(10)&DDPM!E12),"") -> IMPACT (Backward-looking) Loss & Damage LOSS_DAMAGE_RECORD | D52: =IFERROR(IF(DDPM!F12="","",DDPM!F12),"") -> Drought (ภัยแล้ง) | E52: =IFERROR(IF(DDPM!I12="","",DDPM!I12),"") -> 1960-2014; 2015-2040; 2041-2060; 2061-2080; 2081-2100 | F52: =IFERROR(IF(DDPM!K12="","",DDPM!K12),"") -> Annual | G52: =IFERROR(IF(DDPM!A12="","",DDPM!L12&" / "&DDPM!M12),"") -> National / Province | H52: =IFERROR(IF(DDPM!A12="","",DDPM!N12&" / "&DDPM!O12),"") -> CSV / Restricted | I52: =IFERROR(IF(DDPM!P12="","",HYPERLINK(DDPM!P12,IF(LEN(DDPM!P12)>45,LEFT(DDPM!P12,42)&"...",DDPM!P12))),"") -> -
A53: =IFERROR(IF(DDPM!A13="","",DDPM!A13),"") -> DDPM_3_8 | B53: =IFERROR(IF(DDPM!B13="","",DDPM!B13),"") -> สัดส่วนหมู่บ้านและชุมชนที่มีอุทกภัย ดินโคลนถล่มต่อหมู่บ้านทั้งหมด | C53: =IFERROR(IF(DDPM!A13="","",DDPM!C13&CHAR(10)&DDPM!D13&CHAR(10)&DDPM!E13),"") -> IMPACT (Backward-looking) Loss & Damage LOSS_DAMAGE_RECORD | D53: =IFERROR(IF(DDPM!F13="","",DDPM!F13),"") -> Flood (อุทกภัย) | E53: =IFERROR(IF(DDPM!I13="","",DDPM!I13),"") -> 1960-2014; 2015-2040; 2041-2060; 2061-2080; 2081-2100 | F53: =IFERROR(IF(DDPM!K13="","",DDPM!K13),"") -> Annual | G53: =IFERROR(IF(DDPM!A13="","",DDPM!L13&" / "&DDPM!M13),"") -> National / Province | H53: =IFERROR(IF(DDPM!A13="","",DDPM!N13&" / "&DDPM!O13),"") -> CSV / Restricted | I53: =IFERROR(IF(DDPM!P13="","",HYPERLINK(DDPM!P13,IF(LEN(DDPM!P13)>45,LEFT(DDPM!P13,42)&"...",DDPM!P13))),"") -> -
... A56: =IFERROR(IF(DDPM!A16="","",DDPM!A16),"") -> DDPM_3_11 | B56: =IFERROR(IF(DDPM!B16="","",DDPM!B16),"") -> สัดส่วนหมู่บ้านและชุมชนที่มีอุทกภัย ดินโคลนถล่ม | C56: =IFERROR(IF(DDPM!A16="","",DDPM!C16&CHAR(10)&DDPM!D16&CHAR(10)&DDPM!E16),"") -> IMPACT (Backward-looking) Loss & Damage LOSS_DAMAGE_RECORD | D56: =IFERROR(IF(DDPM!F16="","",DDPM!F16),"") -> Flood (อุทกภัย) | E56: =IFERROR(IF(DDPM!I16="","",DDPM!I16),"") -> 1960-2014; 2015-2040; 2041-2060; 2061-2080; 2081-2100 | F56: =IFERROR(IF(DDPM!K16="","",DDPM!K16),"") -> Annual | G56: =IFERROR(IF(DDPM!A16="","",DDPM!L16&" / "&DDPM!M16),"") -> National / Province | H56: =IFERROR(IF(DDPM!A16="","",DDPM!N16&" / "&DDPM!O16),"") -> CSV / Restricted | I56: =IFERROR(IF(DDPM!P16="","",HYPERLINK(DDPM!P16,IF(LEN(DDPM!P16)>45,LEFT(DDPM!P16,42)&"...",DDPM!P16))),"") -> -
A57: DMCR — กรมทรัพยากรทางทะเลและชายฝั่ง
A58: =IFERROR(IF(DMCR!A2="","",DMCR!A2),"") -> DMCR_1_1 | B58: =IFERROR(IF(DMCR!B2="","",DMCR!B2),"") -> พื้นที่กัดเซาะชายฝั่ง (WebGIS DCCE) | C58: =IFERROR(IF(DMCR!A2="","",DMCR!C2&CHAR(10)&DMCR!D2&CHAR(10)&DMCR!E2),"") -> Forward-looking Hazard HAZARD_MAP | D58: =IFERROR(IF(DMCR!F2="","",DMCR!F2),"") -> Coastal Erosion (กัดเซาะชายฝั่ง) | E58: =IFERROR(IF(DMCR!I2="","",DMCR!I2),"") -> Up to 2025 | F58: =IFERROR(IF(DMCR!K2="","",DMCR!K2),"") -> Annual | G58: =IFERROR(IF(DMCR!A2="","",DMCR!L2&" / "&DMCR!M2),"") -> National / - | H58: =IFERROR(IF(DMCR!A2="","",DMCR!N2&" / "&DMCR!O2),"") -> Shapefile / Vector; CSV; API / Web Service / Restricted | I58: =IFERROR(IF(DMCR!P2="","",HYPERLINK(DMCR!P2,IF(LEN(DMCR!P2)>45,LEFT(DMCR!P2,42)&"...",DMCR!P2))),"") -> https://tcs.dmcr.go.th/dmcr/v2/router?page...
A59: =IFERROR(IF(DMCR!A3="","",DMCR!A3),"") -> DMCR_2_1 | B59: =IFERROR(IF(DMCR!B3="","",DMCR!B3),"") -> ปะการังฟอกขาว | C59: =IFERROR(IF(DMCR!A3="","",DMCR!C3&CHAR(10)&DMCR!D3&CHAR(10)&DMCR!E3),"") -> IMPACT (Backward-looking) Loss & Damage LOSS_DAMAGE_RECORD | D59: =IFERROR(IF(DMCR!F3="","",DMCR!F3),"") -> Heat (คลื่นความร้อน); Sea-level Rise (ระดับน้ำทะเลสูงขึ้น) | E59: =IFERROR(IF(DMCR!I3="","",DMCR!I3),"") -> Up to 2025 | F59: =IFERROR(IF(DMCR!K3="","",DMCR!K3),"") -> Annual | G59: =IFERROR(IF(DMCR!A3="","",DMCR!L3&" / "&DMCR!M3),"") -> National / - | H59: =IFERROR(IF(DMCR!A3="","",DMCR!N3&" / "&DMCR!O3),"") -> Shapefile / Vector; CSV; API / Web Service / Restricted | I59: =IFERROR(IF(DMCR!P3="","",HYPERLINK(DMCR!P3,IF(LEN(DMCR!P3)>45,LEFT(DMCR!P3,42)&"...",DMCR!P3))),"") -> https://thailandcoralbleaching.dmcr.go.th/...
A60: =IFERROR(IF(DMCR!A4="","",DMCR!A4),"") -> DMCR_3_1 | B60: =IFERROR(IF(DMCR!B4="","",DMCR!B4),"") -> แนวปะการัง | C60: =IFERROR(IF(DMCR!A4="","",DMCR!C4&CHAR(10)&DMCR!D4&CHAR(10)&DMCR!E4),"") -> Forward-looking Hazard ENVIRONMENT | D60: =IFERROR(IF(DMCR!F4="","",DMCR!F4),"") -> Cross-cutting (ทุกภัย) | E60: =IFERROR(IF(DMCR!I4="","",DMCR!I4),"") -> Up to 2025 | F60: =IFERROR(IF(DMCR!K4="","",DMCR!K4),"") -> Annual | G60: =IFERROR(IF(DMCR!A4="","",DMCR!L4&" / "&DMCR!M4),"") -> National / - | H60: =IFERROR(IF(DMCR!A4="","",DMCR!N4&" / "&DMCR!O4),"") -> Shapefile / Vector; API / Web Service / Restricted | I60: =IFERROR(IF(DMCR!P4="","",HYPERLINK(DMCR!P4,IF(LEN(DMCR!P4)>45,LEFT(DMCR!P4,42)&"...",DMCR!P4))),"") -> https://marinemap.dmcr.go.th/
A61: =IFERROR(IF(DMCR!A5="","",DMCR!A5),"") -> DMCR_3_2 | B61: =IFERROR(IF(DMCR!B5="","",DMCR!B5),"") -> แนวป่าชายเลน | C61: =IFERROR(IF(DMCR!A5="","",DMCR!C5&CHAR(10)&DMCR!D5&CHAR(10)&DMCR!E5),"") -> Forward-looking Hazard ENVIRONMENT | D61: =IFERROR(IF(DMCR!F5="","",DMCR!F5),"") -> Coastal Erosion (กัดเซาะชายฝั่ง); Storm (พายุ) | E61: =IFERROR(IF(DMCR!I5="","",DMCR!I5),"") -> Up to 2025 | F61: =IFERROR(IF(DMCR!K5="","",DMCR!K5),"") -> Annual | G61: =IFERROR(IF(DMCR!A5="","",DMCR!L5&" / "&DMCR!M5),"") -> National / - | H61: =IFERROR(IF(DMCR!A5="","",DMCR!N5&" / "&DMCR!O5),"") -> Shapefile / Vector; API / Web Service / Restricted | I61: =IFERROR(IF(DMCR!P5="","",HYPERLINK(DMCR!P5,IF(LEN(DMCR!P5)>45,LEFT(DMCR!P5,42)&"...",DMCR!P5))),"") -> https://marinemap.dmcr.go.th/
A62: =IFERROR(IF(DMCR!A6="","",DMCR!A6),"") -> DMCR_4_1 | B62: =IFERROR(IF(DMCR!B6="","",DMCR!B6),"") -> พื้นที่กัดเซาะชายฝั่ง (DMCR ภาคสนาม) | C62: =IFERROR(IF(DMCR!A6="","",DMCR!C6&CHAR(10)&DMCR!D6&CHAR(10)&DMCR!E6),"") -> Forward-looking Hazard HAZARD_MAP | D62: =IFERROR(IF(DMCR!F6="","",DMCR!F6),"") -> Coastal Erosion (กัดเซาะชายฝั่ง) | E62: =IFERROR(IF(DMCR!I6="","",DMCR!I6),"") -> - | F62: =IFERROR(IF(DMCR!K6="","",DMCR!K6),"") -> - | G62: =IFERROR(IF(DMCR!A6="","",DMCR!L6&" / "&DMCR!M6),"") -> จังหวัดชายฝั่ง / - | H62: =IFERROR(IF(DMCR!A6="","",DMCR!N6&" / "&DMCR!O6),"") -> GIS (Shapefile / GeoJSON) / - | I62: =IFERROR(IF(DMCR!P6="","",HYPERLINK(DMCR!P6,IF(LEN(DMCR!P6)>45,LEFT(DMCR!P6,42)&"...",DMCR!P6))),"") -> https://tcs.dmcr.go.th/dmcr/v2/router?page...
A63: =IFERROR(IF(DMCR!A7="","",DMCR!A7),"") -> DMCR_5_1 | B63: =IFERROR(IF(DMCR!B7="","",DMCR!B7),"") -> พื้นที่แหล่งปะการังในจังหวัด | C63: =IFERROR(IF(DMCR!A7="","",DMCR!C7&CHAR(10)&DMCR!D7&CHAR(10)&DMCR!E7),"") -> Forward-looking Vulnerability SENSITIVITY | D63: =IFERROR(IF(DMCR!F7="","",DMCR!F7),"") -> Heat (คลื่นความร้อน) | E63: =IFERROR(IF(DMCR!I7="","",DMCR!I7),"") -> 1960-2014; 2015-2040; 2041-2060; 2061-2080; 2081-2100 | F63: =IFERROR(IF(DMCR!K7="","",DMCR!K7),"") -> Annual | G63: =IFERROR(IF(DMCR!A7="","",DMCR!L7&" / "&DMCR!M7),"") -> National / Province | H63: =IFERROR(IF(DMCR!A7="","",DMCR!N7&" / "&DMCR!O7),"") -> CSV / Restricted | I63: =IFERROR(IF(DMCR!P7="","",HYPERLINK(DMCR!P7,IF(LEN(DMCR!P7)>45,LEFT(DMCR!P7,42)&"...",DMCR!P7))),"") -> -
A64: DMR — กรมทรัพยากรธรณี
A65: =IFERROR(IF(DMR!A2="","",DMR!A2),"") -> DMR_1_1 | B65: =IFERROR(IF(DMR!B2="","",DMR!B2),"") -> พื้นที่ได้รับผลกระทบจากแผ่นดินถล่มและน้ำป่าไหลหลาก | C65: =IFERROR(IF(DMR!A2="","",DMR!C2&CHAR(10)&DMR!D2&CHAR(10)&DMR!E2),"") -> Forward-looking Hazard HAZARD_MAP | D65: =IFERROR(IF(DMR!F2="","",DMR!F2),"") -> Landslide (ดินถล่ม) | E65: =IFERROR(IF(DMR!I2="","",DMR!I2),"") -> 2024 | F65: =IFERROR(IF(DMR!K2="","",DMR!K2),"") -> - | G65: =IFERROR(IF(DMR!A2="","",DMR!L2&" / "&DMR!M2),"") -> ทั้งประเทศ / - | H65: =IFERROR(IF(DMR!A2="","",DMR!N2&" / "&DMR!O2),"") -> Shapefile; CSV / - | I65: =IFERROR(IF(DMR!P2="","",HYPERLINK(DMR!P2,IF(LEN(DMR!P2)>45,LEFT(DMR!P2,42)&"...",DMR!P2))),"") -> https://gdcatalog.go.th/dataset/gdpublish-...
A66: =IFERROR(IF(DMR!A3="","",DMR!A3),"") -> DMR_2_1 | B66: =IFERROR(IF(DMR!B3="","",DMR!B3),"") -> พื้นที่เสี่ยงภัยดินถล่ม น้ำป่าไหลหลาก และน้ำท่วมฉับพลัน | C66: =IFERROR(IF(DMR!A3="","",DMR!C3&CHAR(10)&DMR!D3&CHAR(10)&DMR!E3),"") -> Forward-looking Hazard HAZARD_MAP | D66: =IFERROR(IF(DMR!F3="","",DMR!F3),"") -> Flood (อุทกภัย) | E66: =IFERROR(IF(DMR!I3="","",DMR!I3),"") -> 1960-2014; 2015-2040; 2041-2060; 2061-2080; 2081-2100 | F66: =IFERROR(IF(DMR!K3="","",DMR!K3),"") -> Annual | G66: =IFERROR(IF(DMR!A3="","",DMR!L3&" / "&DMR!M3),"") -> National / Province | H66: =IFERROR(IF(DMR!A3="","",DMR!N3&" / "&DMR!O3),"") -> CSV / Restricted | I66: =IFERROR(IF(DMR!P3="","",HYPERLINK(DMR!P3,IF(LEN(DMR!P3)>45,LEFT(DMR!P3,42)&"...",DMR!P3))),"") -> -
A67: =IFERROR(IF(DMR!A4="","",DMR!A4),"") -> DMR_2_2 | B67: =IFERROR(IF(DMR!B4="","",DMR!B4),"") -> พื้นที่มีโอกาสเกิดดินถล่ม | C67: =IFERROR(IF(DMR!A4="","",DMR!C4&CHAR(10)&DMR!D4&CHAR(10)&DMR!E4),"") -> Forward-looking Hazard HAZARD_MAP | D67: =IFERROR(IF(DMR!F4="","",DMR!F4),"") -> Flood (อุทกภัย) | E67: =IFERROR(IF(DMR!I4="","",DMR!I4),"") -> 1960-2014; 2015-2040; 2041-2060; 2061-2080; 2081-2100 | F67: =IFERROR(IF(DMR!K4="","",DMR!K4),"") -> Annual | G67: =IFERROR(IF(DMR!A4="","",DMR!L4&" / "&DMR!M4),"") -> National / Province | H67: =IFERROR(IF(DMR!A4="","",DMR!N4&" / "&DMR!O4),"") -> CSV / Restricted | I67: =IFERROR(IF(DMR!P4="","",HYPERLINK(DMR!P4,IF(LEN(DMR!P4)>45,LEFT(DMR!P4,42)&"...",DMR!P4))),"") -> -
A68: DOH — กรมทางหลวง
A69: =IFERROR(IF(DOH!A2="","",DOH!A2),"") -> DOH_1_1 | B69: =IFERROR(IF(DOH!B2="","",DOH!B2),"") -> ถนนหลวง ถนนสายหลัก และทางหลวงพิเศษ | C69: =IFERROR(IF(DOH!A2="","",DOH!C2&CHAR(10)&DOH!D2&CHAR(10)&DOH!E2),"") -> Forward-looking Exposure EXPOSED_ASSET | D69: =IFERROR(IF(DOH!F2="","",DOH!F2),"") -> Cross-cutting (ทุกภัย) | E69: =IFERROR(IF(DOH!I2="","",DOH!I2),"") -> Up to 2025 | F69: =IFERROR(IF(DOH!K2="","",DOH!K2),"") -> Annual | G69: =IFERROR(IF(DOH!A2="","",DOH!L2&" / "&DOH!M2),"") -> National / - | H69: =IFERROR(IF(DOH!A2="","",DOH!N2&" / "&DOH!O2),"") -> Shapefile / Vector; API / Web Service / Restricted | I69: =IFERROR(IF(DOH!P2="","",HYPERLINK(DOH!P2,IF(LEN(DOH!P2)>45,LEFT(DOH!P2,42)&"...",DOH!P2))),"") -> https://hris.doh.go.th/highway
A70: =IFERROR(IF(DOH!A3="","",DOH!A3),"") -> DOH_2_1 | B70: =IFERROR(IF(DOH!B3="","",DOH!B3),"") -> ความยาวถนนในพื้นที่น้ำท่วมซ้ำซาก | C70: =IFERROR(IF(DOH!A3="","",DOH!C3&CHAR(10)&DOH!D3&CHAR(10)&DOH!E3),"") -> Forward-looking Exposure EXPOSED_ASSET | D70: =IFERROR(IF(DOH!F3="","",DOH!F3),"") -> Flood (อุทกภัย) | E70: =IFERROR(IF(DOH!I3="","",DOH!I3),"") -> 1960-2014; 2015-2040; 2041-2060; 2061-2080; 2081-2100 | F70: =IFERROR(IF(DOH!K3="","",DOH!K3),"") -> Annual | G70: =IFERROR(IF(DOH!A3="","",DOH!L3&" / "&DOH!M3),"") -> National / Province | H70: =IFERROR(IF(DOH!A3="","",DOH!N3&" / "&DOH!O3),"") -> CSV / Restricted | I70: =IFERROR(IF(DOH!P3="","",HYPERLINK(DOH!P3,IF(LEN(DOH!P3)>45,LEFT(DOH!P3,42)&"...",DOH!P3))),"") -> -
A71: =IFERROR(IF(DOH!A4="","",DOH!A4),"") -> DOH_2_2 | B71: =IFERROR(IF(DOH!B4="","",DOH!B4),"") -> โครงสร้างพื้นฐานด้านคมนาคมขนส่ง | C71: =IFERROR(IF(DOH!A4="","",DOH!C4&CHAR(10)&DOH!D4&CHAR(10)&DOH!E4),"") -> Forward-looking Exposure EXPOSED_ASSET | D71: =IFERROR(IF(DOH!F4="","",DOH!F4),"") -> Flood (อุทกภัย) | E71: =IFERROR(IF(DOH!I4="","",DOH!I4),"") -> 1960-2014; 2015-2040; 2041-2060; 2061-2080; 2081-2100 | F71: =IFERROR(IF(DOH!K4="","",DOH!K4),"") -> Annual | G71: =IFERROR(IF(DOH!A4="","",DOH!L4&" / "&DOH!M4),"") -> National / Province | H71: =IFERROR(IF(DOH!A4="","",DOH!N4&" / "&DOH!O4),"") -> CSV / Restricted | I71: =IFERROR(IF(DOH!P4="","",HYPERLINK(DOH!P4,IF(LEN(DOH!P4)>45,LEFT(DOH!P4,42)&"...",DOH!P4))),"") -> -
A72: =IFERROR(IF(DOH!A5="","",DOH!A5),"") -> DOH_2_3 | B72: =IFERROR(IF(DOH!B5="","",DOH!B5),"") -> โครงสร้างพื้นฐานบริเวณแหล่งท่องเที่ยว เช่น ถนน ฯลฯ | C72: =IFERROR(IF(DOH!A5="","",DOH!C5&CHAR(10)&DOH!D5&CHAR(10)&DOH!E5),"") -> Forward-looking Exposure EXPOSED_ASSET | D72: =IFERROR(IF(DOH!F5="","",DOH!F5),"") -> Flood (อุทกภัย) | E72: =IFERROR(IF(DOH!I5="","",DOH!I5),"") -> 1960-2014; 2015-2040; 2041-2060; 2061-2080; 2081-2100 | F72: =IFERROR(IF(DOH!K5="","",DOH!K5),"") -> Annual | G72: =IFERROR(IF(DOH!A5="","",DOH!L5&" / "&DOH!M5),"") -> National / Province | H72: =IFERROR(IF(DOH!A5="","",DOH!N5&" / "&DOH!O5),"") -> CSV / Restricted | I72: =IFERROR(IF(DOH!P5="","",HYPERLINK(DOH!P5,IF(LEN(DOH!P5)>45,LEFT(DOH!P5,42)&"...",DOH!P5))),"") -> -
A73: DOHealth — กรมอนามัย
A74: =IFERROR(IF(DOHealth!A2="","",DOHealth!A2),"") -> DOHealth_1_1 | B74: =IFERROR(IF(DOHealth!B2="","",DOHealth!B2),"") -> จุดที่ตั้งโรงพยาบาล ศูนย์สุขภาพประจำตำบล (รพ.สต.) | C74: =IFERROR(IF(DOHealth!A2="","",DOHealth!C2&CHAR(10)&DOHealth!D2&CHAR(10)&DOHealth!E2),"") -> Forward-looking Exposure EXPOSED_ASSET | D74: =IFERROR(IF(DOHealth!F2="","",DOHealth!F2),"") -> Cross-cutting (ทุกภัย) | E74: =IFERROR(IF(DOHealth!I2="","",DOHealth!I2),"") -> 2025 หรือล่าสุด | F74: =IFERROR(IF(DOHealth!K2="","",DOHealth!K2),"") -> Annual | G74: =IFERROR(IF(DOHealth!A2="","",DOHealth!L2&" / "&DOHealth!M2),"") -> National / Point | H74: =IFERROR(IF(DOHealth!A2="","",DOHealth!N2&" / "&DOHealth!O2),"") -> Shapefile / Vector; API / Web Service / Restricted | I74: =IFERROR(IF(DOHealth!P2="","",HYPERLINK(DOHealth!P2,IF(LEN(DOHealth!P2)>45,LEFT(DOHealth!P2,42)&"...",DOHealth!P2))),"") -> https://gis-health.moph.go.th/
A75: =IFERROR(IF(DOHealth!A3="","",DOHealth!A3),"") -> DOHealth_1_2 | B75: =IFERROR(IF(DOHealth!B3="","",DOHealth!B3),"") -> สถิติผู้ป่วยจากโรคที่เกี่ยวกับการเปลี่ยนแปลงสภาพภูมิอากาศ | C75: =IFERROR(IF(DOHealth!A3="","",DOHealth!C3&CHAR(10)&DOHealth!D3&CHAR(10)&DOHealth!E3),"") -> IMPACT (Backward-looking) Loss & Damage LOSS_DAMAGE_RECORD | D75: =IFERROR(IF(DOHealth!F3="","",DOHealth!F3),"") -> Heat (คลื่นความร้อน); Cross-cutting (ทุกภัย) | E75: =IFERROR(IF(DOHealth!I3="","",DOHealth!I3),"") -> 2025 หรือล่าสุด | F75: =IFERROR(IF(DOHealth!K3="","",DOHealth!K3),"") -> Annual | G75: =IFERROR(IF(DOHealth!A3="","",DOHealth!L3&" / "&DOHealth!M3),"") -> National / - | H75: =IFERROR(IF(DOHealth!A3="","",DOHealth!N3&" / "&DOHealth!O3),"") -> / Restricted | I75: =IFERROR(IF(DOHealth!P3="","",HYPERLINK(DOHealth!P3,IF(LEN(DOHealth!P3)>45,LEFT(DOHealth!P3,42)&"...",DOHealth!P3))),"") -> -
A76: =IFERROR(IF(DOHealth!A4="","",DOHealth!A4),"") -> DOHealth_2_1 | B76: =IFERROR(IF(DOHealth!B4="","",DOHealth!B4),"") -> อัตราป่วยด้วยโรคความดัน เบาหวาน หลอดเลือดหัวใจต่อประชากรแสนคน | C76: =IFERROR(IF(DOHealth!A4="","",DOHealth!C4&CHAR(10)&DOHealth!D4&CHAR(10)&DOHealth!E4),"") -> Forward-looking Vulnerability SENSITIVITY | D76: =IFERROR(IF(DOHealth!F4="","",DOHealth!F4),"") -> Drought (ภัยแล้ง); Flood (อุทกภัย); Heat (คลื่นความร้อน) | E76: =IFERROR(IF(DOHealth!I4="","",DOHealth!I4),"") -> 1960-2014; 2015-2040; 2041-2060; 2061-2080; 2081-2100 | F76: =IFERROR(IF(DOHealth!K4="","",DOHealth!K4),"") -> Annual | G76: =IFERROR(IF(DOHealth!A4="","",DOHealth!L4&" / "&DOHealth!M4),"") -> National / Province | H76: =IFERROR(IF(DOHealth!A4="","",DOHealth!N4&" / "&DOHealth!O4),"") -> CSV / Restricted | I76: =IFERROR(IF(DOHealth!P4="","",HYPERLINK(DOHealth!P4,IF(LEN(DOHealth!P4)>45,LEFT(DOHealth!P4,42)&"...",DOHealth!P4))),"") -> -
A77: DOPA — กรมการปกครอง
A78: =IFERROR(IF(DOPA!A2="","",DOPA!A2),"") -> DOPA_1_1 | B78: =IFERROR(IF(DOPA!B2="","",DOPA!B2),"") -> จำนวนประชากร | C78: =IFERROR(IF(DOPA!A2="","",DOPA!C2&CHAR(10)&DOPA!D2&CHAR(10)&DOPA!E2),"") -> Forward-looking Exposure EXPOSED_ASSET | D78: =IFERROR(IF(DOPA!F2="","",DOPA!F2),"") -> Cross-cutting (ทุกภัย) | E78: =IFERROR(IF(DOPA!I2="","",DOPA!I2),"") -> 1993-2025 | F78: =IFERROR(IF(DOPA!K2="","",DOPA!K2),"") -> Annual | G78: =IFERROR(IF(DOPA!A2="","",DOPA!L2&" / "&DOPA!M2),"") -> National / Mooban | H78: =IFERROR(IF(DOPA!A2="","",DOPA!N2&" / "&DOPA!O2),"") -> CSV / Restricted | I78: =IFERROR(IF(DOPA!P2="","",HYPERLINK(DOPA!P2,IF(LEN(DOPA!P2)>45,LEFT(DOPA!P2,42)&"...",DOPA!P2))),"") -> https://stat.bora.dopa.go.th/new_stat/webP...
A79: =IFERROR(IF(DOPA!A3="","",DOPA!A3),"") -> DOPA_1_2 | B79: =IFERROR(IF(DOPA!B3="","",DOPA!B3),"") -> จุดหมู่บ้าน | C79: =IFERROR(IF(DOPA!A3="","",DOPA!C3&CHAR(10)&DOPA!D3&CHAR(10)&DOPA!E3),"") -> Forward-looking Exposure EXPOSED_ASSET | D79: =IFERROR(IF(DOPA!F3="","",DOPA!F3),"") -> Cross-cutting (ทุกภัย) | E79: =IFERROR(IF(DOPA!I3="","",DOPA!I3),"") -> - | F79: =IFERROR(IF(DOPA!K3="","",DOPA!K3),"") -> Annual | G79: =IFERROR(IF(DOPA!A3="","",DOPA!L3&" / "&DOPA!M3),"") -> National / Mooban | H79: =IFERROR(IF(DOPA!A3="","",DOPA!N3&" / "&DOPA!O3),"") -> Shapefile / Restricted | I79: =IFERROR(IF(DOPA!P3="","",HYPERLINK(DOPA!P3,IF(LEN(DOPA!P3)>45,LEFT(DOPA!P3,42)&"...",DOPA!P3))),"") -> https://www.dopa.go.th/
A80: =IFERROR(IF(DOPA!A4="","",DOPA!A4),"") -> DOPA_1_3 | B80: =IFERROR(IF(DOPA!B4="","",DOPA!B4),"") -> ขอบเขตการปกครอง | C80: =IFERROR(IF(DOPA!A4="","",DOPA!C4&CHAR(10)&DOPA!D4&CHAR(10)&DOPA!E4),"") -> Spatial Unit Spatial Unit SPATIAL_UNIT | D80: =IFERROR(IF(DOPA!F4="","",DOPA!F4),"") -> Cross-cutting (ทุกภัย) | E80: =IFERROR(IF(DOPA!I4="","",DOPA!I4),"") -> Unknown | F80: =IFERROR(IF(DOPA!K4="","",DOPA!K4),"") -> - | G80: =IFERROR(IF(DOPA!A4="","",DOPA!L4&" / "&DOPA!M4),"") -> National / Tambon | H80: =IFERROR(IF(DOPA!A4="","",DOPA!N4&" / "&DOPA!O4),"") -> GeoJSON / Restricted | I80: =IFERROR(IF(DOPA!P4="","",HYPERLINK(DOPA!P4,IF(LEN(DOPA!P4)>45,LEFT(DOPA!P4,42)&"...",DOPA!P4))),"") -> https://www.dopa.go.th/
A81: =IFERROR(IF(DOPA!A5="","",DOPA!A5),"") -> DOPA_2_1 | B81: =IFERROR(IF(DOPA!B5="","",DOPA!B5),"") -> จำนวนครัวเรือนในขอบเขตเทศบาล | C81: =IFERROR(IF(DOPA!A5="","",DOPA!C5&CHAR(10)&DOPA!D5&CHAR(10)&DOPA!E5),"") -> Forward-looking Vulnerability SENSITIVITY | D81: =IFERROR(IF(DOPA!F5="","",DOPA!F5),"") -> Drought (ภัยแล้ง); Flood (อุทกภัย); Heat (คลื่นความร้อน) | E81: =IFERROR(IF(DOPA!I5="","",DOPA!I5),"") -> 1960-2014; 2015-2040; 2041-2060; 2061-2080; 2081-2100 | F81: =IFERROR(IF(DOPA!K5="","",DOPA!K5),"") -> Annual | G81: =IFERROR(IF(DOPA!A5="","",DOPA!L5&" / "&DOPA!M5),"") -> National / Province | H81: =IFERROR(IF(DOPA!A5="","",DOPA!N5&" / "&DOPA!O5),"") -> CSV / Restricted | I81: =IFERROR(IF(DOPA!P5="","",HYPERLINK(DOPA!P5,IF(LEN(DOPA!P5)>45,LEFT(DOPA!P5,42)&"...",DOPA!P5))),"") -> -
A82: DOT — กรมการท่องเที่ยว
A83: =IFERROR(IF(DOT!A2="","",DOT!A2),"") -> DOT_1_1 | B83: =IFERROR(IF(DOT!B2="","",DOT!B2),"") -> จำนวนที่พัก (โรงแรม รีสอร์ต ฯลฯ) — กรมการท่องเที่ยว/ททท. | C83: =IFERROR(IF(DOT!A2="","",DOT!C2&CHAR(10)&DOT!D2&CHAR(10)&DOT!E2),"") -> Forward-looking Exposure EXPOSED_ASSET | D83: =IFERROR(IF(DOT!F2="","",DOT!F2),"") -> Cross-cutting (ทุกภัย) | E83: =IFERROR(IF(DOT!I2="","",DOT!I2),"") -> Up to 2025 | F83: =IFERROR(IF(DOT!K2="","",DOT!K2),"") -> Annual | G83: =IFERROR(IF(DOT!A2="","",DOT!L2&" / "&DOT!M2),"") -> National / Point | H83: =IFERROR(IF(DOT!A2="","",DOT!N2&" / "&DOT!O2),"") -> Shapefile / Vector; API / Web Service / Restricted | I83: =IFERROR(IF(DOT!P2="","",HYPERLINK(DOT!P2,IF(LEN(DOT!P2)>45,LEFT(DOT!P2,42)&"...",DOT!P2))),"") -> https://www.dot.go.th/pages/140
A84: =IFERROR(IF(DOT!A3="","",DOT!A3),"") -> DOT_2_1 | B84: =IFERROR(IF(DOT!B3="","",DOT!B3),"") -> จำนวนที่พัก (โรงแรม รีสอร์ต ฯลฯ) | C84: =IFERROR(IF(DOT!A3="","",DOT!C3&CHAR(10)&DOT!D3&CHAR(10)&DOT!E3),"") -> Forward-looking Exposure EXPOSED_ASSET | D84: =IFERROR(IF(DOT!F3="","",DOT!F3),"") -> Drought (ภัยแล้ง); Flood (อุทกภัย) | E84: =IFERROR(IF(DOT!I3="","",DOT!I3),"") -> 1960-2014; 2015-2040; 2041-2060; 2061-2080; 2081-2100 | F84: =IFERROR(IF(DOT!K3="","",DOT!K3),"") -> Annual | G84: =IFERROR(IF(DOT!A3="","",DOT!L3&" / "&DOT!M3),"") -> National / Point | H84: =IFERROR(IF(DOT!A3="","",DOT!N3&" / "&DOT!O3),"") -> CSV / Restricted | I84: =IFERROR(IF(DOT!P3="","",HYPERLINK(DOT!P3,IF(LEN(DOT!P3)>45,LEFT(DOT!P3,42)&"...",DOT!P3))),"") -> -
A85: =IFERROR(IF(DOT!A4="","",DOT!A4),"") -> DOT_2_2 | B85: =IFERROR(IF(DOT!B4="","",DOT!B4),"") -> จำนวนแหล่งท่องเที่ยวประเภทน้ำตก | C85: =IFERROR(IF(DOT!A4="","",DOT!C4&CHAR(10)&DOT!D4&CHAR(10)&DOT!E4),"") -> Forward-looking Exposure EXPOSED_ASSET | D85: =IFERROR(IF(DOT!F4="","",DOT!F4),"") -> Drought (ภัยแล้ง); Flood (อุทกภัย) | E85: =IFERROR(IF(DOT!I4="","",DOT!I4),"") -> 1960-2014; 2015-2040; 2041-2060; 2061-2080; 2081-2100 | F85: =IFERROR(IF(DOT!K4="","",DOT!K4),"") -> Annual | G85: =IFERROR(IF(DOT!A4="","",DOT!L4&" / "&DOT!M4),"") -> National / Point | H85: =IFERROR(IF(DOT!A4="","",DOT!N4&" / "&DOT!O4),"") -> CSV / Restricted | I85: =IFERROR(IF(DOT!P4="","",HYPERLINK(DOT!P4,IF(LEN(DOT!P4)>45,LEFT(DOT!P4,42)&"...",DOT!P4))),"") -> -
A86: =IFERROR(IF(DOT!A5="","",DOT!A5),"") -> DOT_2_3 | B86: =IFERROR(IF(DOT!B5="","",DOT!B5),"") -> จำนวนแหล่งท่องเที่ยวประเภททะเล ชายฝั่ง และเกาะ | C86: =IFERROR(IF(DOT!A5="","",DOT!C5&CHAR(10)&DOT!D5&CHAR(10)&DOT!E5),"") -> Forward-looking Exposure EXPOSED_ASSET | D86: =IFERROR(IF(DOT!F5="","",DOT!F5),"") -> Drought (ภัยแล้ง); Flood (อุทกภัย); Heat (คลื่นความร้อน) | E86: =IFERROR(IF(DOT!I5="","",DOT!I5),"") -> 1960-2014; 2015-2040; 2041-2060; 2061-2080; 2081-2100 | F86: =IFERROR(IF(DOT!K5="","",DOT!K5),"") -> Annual | G86: =IFERROR(IF(DOT!A5="","",DOT!L5&" / "&DOT!M5),"") -> National / Point | H86: =IFERROR(IF(DOT!A5="","",DOT!N5&" / "&DOT!O5),"") -> CSV / Restricted | I86: =IFERROR(IF(DOT!P5="","",HYPERLINK(DOT!P5,IF(LEN(DOT!P5)>45,LEFT(DOT!P5,42)&"...",DOT!P5))),"") -> -
A87: =IFERROR(IF(DOT!A6="","",DOT!A6),"") -> DOT_2_4 | B87: =IFERROR(IF(DOT!B6="","",DOT!B6),"") -> แหล่งท่องเที่ยวที่มีความเสื่อมโทรม | C87: =IFERROR(IF(DOT!A6="","",DOT!C6&CHAR(10)&DOT!D6&CHAR(10)&DOT!E6),"") -> Forward-looking Vulnerability SENSITIVITY | D87: =IFERROR(IF(DOT!F6="","",DOT!F6),"") -> Flood (อุทกภัย) | E87: =IFERROR(IF(DOT!I6="","",DOT!I6),"") -> 1960-2014; 2015-2040; 2041-2060; 2061-2080; 2081-2100 | F87: =IFERROR(IF(DOT!K6="","",DOT!K6),"") -> Annual | G87: =IFERROR(IF(DOT!A6="","",DOT!L6&" / "&DOT!M6),"") -> National / Point | H87: =IFERROR(IF(DOT!A6="","",DOT!N6&" / "&DOT!O6),"") -> CSV / Restricted | I87: =IFERROR(IF(DOT!P6="","",HYPERLINK(DOT!P6,IF(LEN(DOT!P6)>45,LEFT(DOT!P6,42)&"...",DOT!P6))),"") -> -
A88: =IFERROR(IF(DOT!A7="","",DOT!A7),"") -> DOT_2_5 | B88: =IFERROR(IF(DOT!B7="","",DOT!B7),"") -> จำนวนที่พักแรม (โรงแรม รีสอร์ต ฯลฯ) — ทะเบียนที่พักแรม | C88: =IFERROR(IF(DOT!A7="","",DOT!C7&CHAR(10)&DOT!D7&CHAR(10)&DOT!E7),"") -> Forward-looking Exposure EXPOSED_ASSET | D88: =IFERROR(IF(DOT!F7="","",DOT!F7),"") -> Heat (คลื่นความร้อน) | E88: =IFERROR(IF(DOT!I7="","",DOT!I7),"") -> 1960-2014; 2015-2040; 2041-2060; 2061-2080; 2081-2100 | F88: =IFERROR(IF(DOT!K7="","",DOT!K7),"") -> Annual | G88: =IFERROR(IF(DOT!A7="","",DOT!L7&" / "&DOT!M7),"") -> National / Point | H88: =IFERROR(IF(DOT!A7="","",DOT!N7&" / "&DOT!O7),"") -> CSV / Restricted | I88: =IFERROR(IF(DOT!P7="","",HYPERLINK(DOT!P7,IF(LEN(DOT!P7)>45,LEFT(DOT!P7,42)&"...",DOT!P7))),"") -> -
A89: =IFERROR(IF(DOT!A8="","",DOT!A8),"") -> DOT_2_6 | B89: =IFERROR(IF(DOT!B8="","",DOT!B8),"") -> จำนวนที่พักแรม (โรงแรม รีสอร์ต ฯลฯ) | C89: =IFERROR(IF(DOT!A8="","",DOT!C8&CHAR(10)&DOT!D8&CHAR(10)&DOT!E8),"") -> Forward-looking Exposure EXPOSED_ASSET | D89: =IFERROR(IF(DOT!F8="","",DOT!F8),"") -> Heat (คลื่นความร้อน) | E89: =IFERROR(IF(DOT!I8="","",DOT!I8),"") -> 1960-2014; 2015-2040; 2041-2060; 2061-2080; 2081-2100 | F89: =IFERROR(IF(DOT!K8="","",DOT!K8),"") -> Annual | G89: =IFERROR(IF(DOT!A8="","",DOT!L8&" / "&DOT!M8),"") -> National / Point | H89: =IFERROR(IF(DOT!A8="","",DOT!N8&" / "&DOT!O8),"") -> CSV / Restricted | I89: =IFERROR(IF(DOT!P8="","",HYPERLINK(DOT!P8,IF(LEN(DOT!P8)>45,LEFT(DOT!P8,42)&"...",DOT!P8))),"") -> -
A90: =IFERROR(IF(DOT!A9="","",DOT!A9),"") -> DOT_2_7 | B90: =IFERROR(IF(DOT!B9="","",DOT!B9),"") -> จำนวนนักท่องเที่ยวกลุ่มสูงอายุ | C90: =IFERROR(IF(DOT!A9="","",DOT!C9&CHAR(10)&DOT!D9&CHAR(10)&DOT!E9),"") -> Forward-looking Vulnerability SENSITIVITY | D90: =IFERROR(IF(DOT!F9="","",DOT!F9),"") -> Heat (คลื่นความร้อน) | E90: =IFERROR(IF(DOT!I9="","",DOT!I9),"") -> 1960-2014; 2015-2040; 2041-2060; 2061-2080; 2081-2100 | F90: =IFERROR(IF(DOT!K9="","",DOT!K9),"") -> Annual | G90: =IFERROR(IF(DOT!A9="","",DOT!L9&" / "&DOT!M9),"") -> National / Point | H90: =IFERROR(IF(DOT!A9="","",DOT!N9&" / "&DOT!O9),"") -> CSV / Restricted | I90: =IFERROR(IF(DOT!P9="","",HYPERLINK(DOT!P9,IF(LEN(DOT!P9)>45,LEFT(DOT!P9,42)&"...",DOT!P9))),"") -> -
A91: =IFERROR(IF(DOT!A10="","",DOT!A10),"") -> DOT_2_8 | B91: =IFERROR(IF(DOT!B10="","",DOT!B10),"") -> จำนวนแหล่งท่องเที่ยวประเภทที่มนุษย์สร้างขึ้นที่เป็นแหล่งท่องเที่ยวในร่ม เช่น ห้างสรรพสินค้า พิพิธภัณฑ์ ฯลฯ | C91: =IFERROR(IF(DOT!A10="","",DOT!C10&CHAR(10)&DOT!D10&CHAR(10)&DOT!E10),"") -> Forward-looking Vulnerability ADAPTIVE_CAPACITY | D91: =IFERROR(IF(DOT!F10="","",DOT!F10),"") -> Heat (คลื่นความร้อน) | E91: =IFERROR(IF(DOT!I10="","",DOT!I10),"") -> 1960-2014; 2015-2040; 2041-2060; 2061-2080; 2081-2100 | F91: =IFERROR(IF(DOT!K10="","",DOT!K10),"") -> Annual | G91: =IFERROR(IF(DOT!A10="","",DOT!L10&" / "&DOT!M10),"") -> National / Point | H91: =IFERROR(IF(DOT!A10="","",DOT!N10&" / "&DOT!O10),"") -> CSV / Restricted | I91: =IFERROR(IF(DOT!P10="","",HYPERLINK(DOT!P10,IF(LEN(DOT!P10)>45,LEFT(DOT!P10,42)&"...",DOT!P10))),"") -> -
A92: DPT — กรมโยธาธิการและผังเมือง
A93: =IFERROR(IF(DPT!A2="","",DPT!A2),"") -> DPT_1_1 | B93: =IFERROR(IF(DPT!B2="","",DPT!B2),"") -> แผนที่พื้นที่เสี่ยงน้ำท่วมเพื่อการวางผังเมือง (Flood-prone area planning maps) | C93: =IFERROR(IF(DPT!A2="","",DPT!C2&CHAR(10)&DPT!D2&CHAR(10)&DPT!E2),"") -> IMPACT (Backward-looking) Hazard HAZARD_MAP | D93: =IFERROR(IF(DPT!F2="","",DPT!F2),"") -> Flood (อุทกภัย) | E93: =IFERROR(IF(DPT!I2="","",DPT!I2),"") -> - | F93: =IFERROR(IF(DPT!K2="","",DPT!K2),"") -> Event-based | G93: =IFERROR(IF(DPT!A2="","",DPT!L2&" / "&DPT!M2),"") -> Basin / - | H93: =IFERROR(IF(DPT!A2="","",DPT!N2&" / "&DPT!O2),"") -> Shapefile; PDF Report / Restricted | I93: =IFERROR(IF(DPT!P2="","",HYPERLINK(DPT!P2,IF(LEN(DPT!P2)>45,LEFT(DPT!P2,42)&"...",DPT!P2))),"") -> -
A94: =IFERROR(IF(DPT!A3="","",DPT!A3),"") -> DPT_1_2 | B94: =IFERROR(IF(DPT!B3="","",DPT!B3),"") -> ข้อมูลการใช้ประโยชน์ที่ดินจากผังเมือง (Land-use data from town/city plans) | C94: =IFERROR(IF(DPT!A3="","",DPT!C3&CHAR(10)&DPT!D3&CHAR(10)&DPT!E3),"") -> Spatial Unit Exposure EXPOSED_ASSET | D94: =IFERROR(IF(DPT!F3="","",DPT!F3),"") -> Cross-cutting (ทุกภัย) | E94: =IFERROR(IF(DPT!I3="","",DPT!I3),"") -> ตามรอบปรับปรุงผังเมือง | F94: =IFERROR(IF(DPT!K3="","",DPT!K3),"") -> Event-based | G94: =IFERROR(IF(DPT!A3="","",DPT!L3&" / "&DPT!M3),"") -> Sub-national / ระดับจังหวัด/เมือง | H94: =IFERROR(IF(DPT!A3="","",DPT!N3&" / "&DPT!O3),"") -> Shapefile; PDF Report / Restricted | I94: =IFERROR(IF(DPT!P3="","",HYPERLINK(DPT!P3,IF(LEN(DPT!P3)>45,LEFT(DPT!P3,42)&"...",DPT!P3))),"") -> -
A95: =IFERROR(IF(DPT!A4="","",DPT!A4),"") -> DPT_1_3 | B95: =IFERROR(IF(DPT!B4="","",DPT!B4),"") -> ข้อมูลอาคารและการใช้ประโยชน์อาคารจากการสำรวจภาคสนาม (Building-use data from field surveys) | C95: =IFERROR(IF(DPT!A4="","",DPT!C4&CHAR(10)&DPT!D4&CHAR(10)&DPT!E4),"") -> Spatial Unit Exposure EXPOSED_ASSET | D95: =IFERROR(IF(DPT!F4="","",DPT!F4),"") -> Cross-cutting (ทุกภัย) | E95: =IFERROR(IF(DPT!I4="","",DPT!I4),"") -> - | F95: =IFERROR(IF(DPT!K4="","",DPT!K4),"") -> Event-based | G95: =IFERROR(IF(DPT!A4="","",DPT!L4&" / "&DPT!M4),"") -> District / - | H95: =IFERROR(IF(DPT!A4="","",DPT!N4&" / "&DPT!O4),"") -> Shapefile / Restricted | I95: =IFERROR(IF(DPT!P4="","",HYPERLINK(DPT!P4,IF(LEN(DPT!P4)>45,LEFT(DPT!P4,42)&"...",DPT!P4))),"") -> -
A96: =IFERROR(IF(DPT!A5="","",DPT!A5),"") -> DPT_1_4 | B96: =IFERROR(IF(DPT!B5="","",DPT!B5),"") -> แผนระบบระบายน้ำลุ่มน้ำ (River-basin drainage planning data) | C96: =IFERROR(IF(DPT!A5="","",DPT!C5&CHAR(10)&DPT!D5&CHAR(10)&DPT!E5),"") -> Adaptation Planning Response RESPONSE | D96: =IFERROR(IF(DPT!F5="","",DPT!F5),"") -> Flood (อุทกภัย) | E96: =IFERROR(IF(DPT!I5="","",DPT!I5),"") -> - | F96: =IFERROR(IF(DPT!K5="","",DPT!K5),"") -> Event-based | G96: =IFERROR(IF(DPT!A5="","",DPT!L5&" / "&DPT!M5),"") -> Basin / - | H96: =IFERROR(IF(DPT!A5="","",DPT!N5&" / "&DPT!O5),"") -> PDF Report; Shapefile / Restricted | I96: =IFERROR(IF(DPT!P5="","",HYPERLINK(DPT!P5,IF(LEN(DPT!P5)>45,LEFT(DPT!P5,42)&"...",DPT!P5))),"") -> -
A97: =IFERROR(IF(DPT!A6="","",DPT!A6),"") -> DPT_1_5 | B97: =IFERROR(IF(DPT!B6="","",DPT!B6),"") -> แผนที่ความเสี่ยงและแนวทางผังเมืองยืดหยุ่นจากโครงการ Urban-Act (Risk maps & resilient urban planning from Urban-Act project) | C97: =IFERROR(IF(DPT!A6="","",DPT!C6&CHAR(10)&DPT!D6&CHAR(10)&DPT!E6),"") -> Forward-looking Risk Metric RISK_METRIC | D97: =IFERROR(IF(DPT!F6="","",DPT!F6),"") -> Flood (อุทกภัย); Heat (คลื่นความร้อน) | E97: =IFERROR(IF(DPT!I6="","",DPT!I6),"") -> - | F97: =IFERROR(IF(DPT!K6="","",DPT!K6),"") -> Annual | G97: =IFERROR(IF(DPT!A6="","",DPT!L6&" / "&DPT!M6),"") -> Sub-national / ระดับเมือง (เชียงใหม่ ภูเก็ต) | H97: =IFERROR(IF(DPT!A6="","",DPT!N6&" / "&DPT!O6),"") -> Shapefile; PDF Report / Restricted | I97: =IFERROR(IF(DPT!P6="","",HYPERLINK(DPT!P6,IF(LEN(DPT!P6)>45,LEFT(DPT!P6,42)&"...",DPT!P6))),"") -> -
A98: =IFERROR(IF(DPT!A7="","",DPT!A7),"") -> DPT_2_1 | B98: =IFERROR(IF(DPT!B7="","",DPT!B7),"") -> พื้นที่เมือง | C98: =IFERROR(IF(DPT!A7="","",DPT!C7&CHAR(10)&DPT!D7&CHAR(10)&DPT!E7),"") -> Forward-looking Exposure EXPOSED_ASSET | D98: =IFERROR(IF(DPT!F7="","",DPT!F7),"") -> Drought (ภัยแล้ง) | E98: =IFERROR(IF(DPT!I7="","",DPT!I7),"") -> 1960-2014; 2015-2040; 2041-2060; 2061-2080; 2081-2100 | F98: =IFERROR(IF(DPT!K7="","",DPT!K7),"") -> Annual | G98: =IFERROR(IF(DPT!A7="","",DPT!L7&" / "&DPT!M7),"") -> National / Province | H98: =IFERROR(IF(DPT!A7="","",DPT!N7&" / "&DPT!O7),"") -> CSV / Restricted | I98: =IFERROR(IF(DPT!P7="","",HYPERLINK(DPT!P7,IF(LEN(DPT!P7)>45,LEFT(DPT!P7,42)&"...",DPT!P7))),"") -> -
A99: =IFERROR(IF(DPT!A8="","",DPT!A8),"") -> DPT_2_2 | B99: =IFERROR(IF(DPT!B8="","",DPT!B8),"") -> โครงสร้างพื้นฐานการระบายน้ำ | C99: =IFERROR(IF(DPT!A8="","",DPT!C8&CHAR(10)&DPT!D8&CHAR(10)&DPT!E8),"") -> Forward-looking Exposure EXPOSED_ASSET | D99: =IFERROR(IF(DPT!F8="","",DPT!F8),"") -> Flood (อุทกภัย) | E99: =IFERROR(IF(DPT!I8="","",DPT!I8),"") -> 1960-2014; 2015-2040; 2041-2060; 2061-2080; 2081-2100 | F99: =IFERROR(IF(DPT!K8="","",DPT!K8),"") -> Annual | G99: =IFERROR(IF(DPT!A8="","",DPT!L8&" / "&DPT!M8),"") -> National / Province | H99: =IFERROR(IF(DPT!A8="","",DPT!N8&" / "&DPT!O8),"") -> CSV / Restricted | I99: =IFERROR(IF(DPT!P8="","",HYPERLINK(DPT!P8,IF(LEN(DPT!P8)>45,LEFT(DPT!P8,42)&"...",DPT!P8))),"") -> -
A100: =IFERROR(IF(DPT!A9="","",DPT!A9),"") -> DPT_2_3 | B100: =IFERROR(IF(DPT!B9="","",DPT!B9),"") -> สัดส่วนของระบบป้องกันน้ำท่วมของพื้นที่เมือง | C100: =IFERROR(IF(DPT!A9="","",DPT!C9&CHAR(10)&DPT!D9&CHAR(10)&DPT!E9),"") -> Forward-looking Vulnerability ADAPTIVE_CAPACITY | D100: =IFERROR(IF(DPT!F9="","",DPT!F9),"") -> Flood (อุทกภัย) | E100: =IFERROR(IF(DPT!I9="","",DPT!I9),"") -> 1960-2014; 2015-2040; 2041-2060; 2061-2080; 2081-2100 | F100: =IFERROR(IF(DPT!K9="","",DPT!K9),"") -> Annual | G100: =IFERROR(IF(DPT!A9="","",DPT!L9&" / "&DPT!M9),"") -> National / Province | H100: =IFERROR(IF(DPT!A9="","",DPT!N9&" / "&DPT!O9),"") -> CSV / Restricted | I100: =IFERROR(IF(DPT!P9="","",HYPERLINK(DPT!P9,IF(LEN(DPT!P9)>45,LEFT(DPT!P9,42)&"...",DPT!P9))),"") -> -
A101: =IFERROR(IF(DPT!A10="","",DPT!A10),"") -> DPT_2_4 | B101: =IFERROR(IF(DPT!B10="","",DPT!B10),"") -> สัดส่วนของจำนวนของระบบป้องกันน้ำท่วมของพื้นที่เมือง (เทศบาล) ในพื้นที่ต่อจำนวนพื้นที่เมืองทั้งหมด | C101: =IFERROR(IF(DPT!A10="","",DPT!C10&CHAR(10)&DPT!D10&CHAR(10)&DPT!E10),"") -> Forward-looking Vulnerability ADAPTIVE_CAPACITY | D101: =IFERROR(IF(DPT!F10="","",DPT!F10),"") -> Flood (อุทกภัย) | E101: =IFERROR(IF(DPT!I10="","",DPT!I10),"") -> 1960-2014; 2015-2040; 2041-2060; 2061-2080; 2081-2100 | F101: =IFERROR(IF(DPT!K10="","",DPT!K10),"") -> Annual | G101: =IFERROR(IF(DPT!A10="","",DPT!L10&" / "&DPT!M10),"") -> National / Province | H101: =IFERROR(IF(DPT!A10="","",DPT!N10&" / "&DPT!O10),"") -> CSV / Restricted | I101: =IFERROR(IF(DPT!P10="","",HYPERLINK(DPT!P10,IF(LEN(DPT!P10)>45,LEFT(DPT!P10,42)&"...",DPT!P10))),"") -> -
A102: DWR — กรมทรัพยากรน้ำ
A103: =IFERROR(IF(DWR!A2="","",DWR!A2),"") -> DWR_1_1 | B103: =IFERROR(IF(DWR!B2="","",DWR!B2),"") -> สถานีเตือนภัยน้ำท่วมล่วงหน้าของกรมทรัพยากรน้ำ | C103: =IFERROR(IF(DWR!A2="","",DWR!C2&CHAR(10)&DWR!D2&CHAR(10)&DWR!E2),"") -> Forward-looking Vulnerability ADAPTIVE_CAPACITY | D103: =IFERROR(IF(DWR!F2="","",DWR!F2),"") -> Flood (อุทกภัย) | E103: =IFERROR(IF(DWR!I2="","",DWR!I2),"") -> 1960-2014; 2015-2040; 2041-2060; 2061-2080; 2081-2100 | F103: =IFERROR(IF(DWR!K2="","",DWR!K2),"") -> Annual | G103: =IFERROR(IF(DWR!A2="","",DWR!L2&" / "&DWR!M2),"") -> National / Province | H103: =IFERROR(IF(DWR!A2="","",DWR!N2&" / "&DWR!O2),"") -> CSV / Restricted | I103: =IFERROR(IF(DWR!P2="","",HYPERLINK(DWR!P2,IF(LEN(DWR!P2)>45,LEFT(DWR!P2,42)&"...",DWR!P2))),"") -> -
A104: =IFERROR(IF(DWR!A3="","",DWR!A3),"") -> DWR_1_2 | B104: =IFERROR(IF(DWR!B3="","",DWR!B3),"") -> จำนวนสถานีเตือนภัยน้ำท่วม | C104: =IFERROR(IF(DWR!A3="","",DWR!C3&CHAR(10)&DWR!D3&CHAR(10)&DWR!E3),"") -> Forward-looking Vulnerability ADAPTIVE_CAPACITY | D104: =IFERROR(IF(DWR!F3="","",DWR!F3),"") -> Flood (อุทกภัย) | E104: =IFERROR(IF(DWR!I3="","",DWR!I3),"") -> 1960-2014; 2015-2040; 2041-2060; 2061-2080; 2081-2100 | F104: =IFERROR(IF(DWR!K3="","",DWR!K3),"") -> Annual | G104: =IFERROR(IF(DWR!A3="","",DWR!L3&" / "&DWR!M3),"") -> National / Province | H104: =IFERROR(IF(DWR!A3="","",DWR!N3&" / "&DWR!O3),"") -> CSV / Restricted | I104: =IFERROR(IF(DWR!P3="","",HYPERLINK(DWR!P3,IF(LEN(DWR!P3)>45,LEFT(DWR!P3,42)&"...",DWR!P3))),"") -> -
A105: =IFERROR(IF(DWR!A4="","",DWR!A4),"") -> DWR_1_3 | B105: =IFERROR(IF(DWR!B4="","",DWR!B4),"") -> ปริมาณน้ำท่าเฉลี่ยรายปี | C105: =IFERROR(IF(DWR!A4="","",DWR!C4&CHAR(10)&DWR!D4&CHAR(10)&DWR!E4),"") -> Forward-looking Vulnerability SENSITIVITY | D105: =IFERROR(IF(DWR!F4="","",DWR!F4),"") -> Drought (ภัยแล้ง) | E105: =IFERROR(IF(DWR!I4="","",DWR!I4),"") -> 1960-2014; 2015-2040; 2041-2060; 2061-2080; 2081-2100 | F105: =IFERROR(IF(DWR!K4="","",DWR!K4),"") -> Annual | G105: =IFERROR(IF(DWR!A4="","",DWR!L4&" / "&DWR!M4),"") -> National / Province | H105: =IFERROR(IF(DWR!A4="","",DWR!N4&" / "&DWR!O4),"") -> CSV / Restricted | I105: =IFERROR(IF(DWR!P4="","",HYPERLINK(DWR!P4,IF(LEN(DWR!P4)>45,LEFT(DWR!P4,42)&"...",DWR!P4))),"") -> -
A106: =IFERROR(IF(DWR!A5="","",DWR!A5),"") -> DWR_1_4 | B106: =IFERROR(IF(DWR!B5="","",DWR!B5),"") -> โครงการพัฒนาแหล่งน้ำ | C106: =IFERROR(IF(DWR!A5="","",DWR!C5&CHAR(10)&DWR!D5&CHAR(10)&DWR!E5),"") -> Forward-looking Vulnerability ADAPTIVE_CAPACITY | D106: =IFERROR(IF(DWR!F5="","",DWR!F5),"") -> Drought (ภัยแล้ง) | E106: =IFERROR(IF(DWR!I5="","",DWR!I5),"") -> 1960-2014; 2015-2040; 2041-2060; 2061-2080; 2081-2100 | F106: =IFERROR(IF(DWR!K5="","",DWR!K5),"") -> Annual | G106: =IFERROR(IF(DWR!A5="","",DWR!L5&" / "&DWR!M5),"") -> National / Province | H106: =IFERROR(IF(DWR!A5="","",DWR!N5&" / "&DWR!O5),"") -> CSV / Restricted | I106: =IFERROR(IF(DWR!P5="","",HYPERLINK(DWR!P5,IF(LEN(DWR!P5)>45,LEFT(DWR!P5,42)&"...",DWR!P5))),"") -> -
A107: =IFERROR(IF(DWR!A6="","",DWR!A6),"") -> DWR_1_5 | B107: =IFERROR(IF(DWR!B6="","",DWR!B6),"") -> โครงการปรับตัวด้านการจัดการน้ำของหน่วยงานรัฐ | C107: =IFERROR(IF(DWR!A6="","",DWR!C6&CHAR(10)&DWR!D6&CHAR(10)&DWR!E6),"") -> Forward-looking Vulnerability ADAPTIVE_CAPACITY | D107: =IFERROR(IF(DWR!F6="","",DWR!F6),"") -> Drought (ภัยแล้ง) | E107: =IFERROR(IF(DWR!I6="","",DWR!I6),"") -> 1960-2014; 2015-2040; 2041-2060; 2061-2080; 2081-2100 | F107: =IFERROR(IF(DWR!K6="","",DWR!K6),"") -> Annual | G107: =IFERROR(IF(DWR!A6="","",DWR!L6&" / "&DWR!M6),"") -> National / Province | H107: =IFERROR(IF(DWR!A6="","",DWR!N6&" / "&DWR!O6),"") -> CSV / Restricted | I107: =IFERROR(IF(DWR!P6="","",HYPERLINK(DWR!P6,IF(LEN(DWR!P6)>45,LEFT(DWR!P6,42)&"...",DWR!P6))),"") -> -
A108: =IFERROR(IF(DWR!A7="","",DWR!A7),"") -> DWR_1_6 | B108: =IFERROR(IF(DWR!B7="","",DWR!B7),"") -> สัดส่วนของจำนวนของระบบแจ้งเตือนภัยน้ำท่วมและดินถล่มของพื้นที่ในพื้นที่ต่อจำนวนพื้นที่เสี่ยงน้ำท่วมและดินถล่ม | C108: =IFERROR(IF(DWR!A7="","",DWR!C7&CHAR(10)&DWR!D7&CHAR(10)&DWR!E7),"") -> Forward-looking Vulnerability ADAPTIVE_CAPACITY | D108: =IFERROR(IF(DWR!F7="","",DWR!F7),"") -> Flood (อุทกภัย) | E108: =IFERROR(IF(DWR!I7="","",DWR!I7),"") -> 1960-2014; 2015-2040; 2041-2060; 2061-2080; 2081-2100 | F108: =IFERROR(IF(DWR!K7="","",DWR!K7),"") -> Annual | G108: =IFERROR(IF(DWR!A7="","",DWR!L7&" / "&DWR!M7),"") -> National / Province | H108: =IFERROR(IF(DWR!A7="","",DWR!N7&" / "&DWR!O7),"") -> CSV / Restricted | I108: =IFERROR(IF(DWR!P7="","",HYPERLINK(DWR!P7,IF(LEN(DWR!P7)>45,LEFT(DWR!P7,42)&"...",DWR!P7))),"") -> -
A109: =IFERROR(IF(DWR!A8="","",DWR!A8),"") -> DWR_1_7 | B109: =IFERROR(IF(DWR!B8="","",DWR!B8),"") -> จำนวนแหล่งน้ำผิวดิน (ขนาดใหญ่ กลาง และเล็ก) | C109: =IFERROR(IF(DWR!A8="","",DWR!C8&CHAR(10)&DWR!D8&CHAR(10)&DWR!E8),"") -> Forward-looking Vulnerability ADAPTIVE_CAPACITY | D109: =IFERROR(IF(DWR!F8="","",DWR!F8),"") -> Heat (คลื่นความร้อน) | E109: =IFERROR(IF(DWR!I8="","",DWR!I8),"") -> 1960-2014; 2015-2040; 2041-2060; 2061-2080; 2081-2100 | F109: =IFERROR(IF(DWR!K8="","",DWR!K8),"") -> Annual | G109: =IFERROR(IF(DWR!A8="","",DWR!L8&" / "&DWR!M8),"") -> National / Province | H109: =IFERROR(IF(DWR!A8="","",DWR!N8&" / "&DWR!O8),"") -> CSV / Restricted | I109: =IFERROR(IF(DWR!P8="","",HYPERLINK(DWR!P8,IF(LEN(DWR!P8)>45,LEFT(DWR!P8,42)&"...",DWR!P8))),"") -> -
A110: =IFERROR(IF(DWR!A9="","",DWR!A9),"") -> DWR_1_8 | B110: =IFERROR(IF(DWR!B9="","",DWR!B9),"") -> สัดส่วนของพื้นที่ผิวน้ำของแหล่งน้ำต่อพื้นที่ทั้งหมด | C110: =IFERROR(IF(DWR!A9="","",DWR!C9&CHAR(10)&DWR!D9&CHAR(10)&DWR!E9),"") -> Forward-looking Vulnerability ADAPTIVE_CAPACITY | D110: =IFERROR(IF(DWR!F9="","",DWR!F9),"") -> Heat (คลื่นความร้อน) | E110: =IFERROR(IF(DWR!I9="","",DWR!I9),"") -> 1960-2014; 2015-2040; 2041-2060; 2061-2080; 2081-2100 | F110: =IFERROR(IF(DWR!K9="","",DWR!K9),"") -> Annual | G110: =IFERROR(IF(DWR!A9="","",DWR!L9&" / "&DWR!M9),"") -> National / Province | H110: =IFERROR(IF(DWR!A9="","",DWR!N9&" / "&DWR!O9),"") -> CSV / Restricted | I110: =IFERROR(IF(DWR!P9="","",HYPERLINK(DWR!P9,IF(LEN(DWR!P9)>45,LEFT(DWR!P9,42)&"...",DWR!P9))),"") -> -
A111: =IFERROR(IF(DWR!A10="","",DWR!A10),"") -> DWR_1_9 | B111: =IFERROR(IF(DWR!B10="","",DWR!B10),"") -> แหล่งน้ำธรรมชาติตื้นเขิน | C111: =IFERROR(IF(DWR!A10="","",DWR!C10&CHAR(10)&DWR!D10&CHAR(10)&DWR!E10),"") -> Forward-looking Vulnerability ADAPTIVE_CAPACITY | D111: =IFERROR(IF(DWR!F10="","",DWR!F10),"") -> Drought (ภัยแล้ง) | E111: =IFERROR(IF(DWR!I10="","",DWR!I10),"") -> 1960-2014; 2015-2040; 2041-2060; 2061-2080; 2081-2100 | F111: =IFERROR(IF(DWR!K10="","",DWR!K10),"") -> Annual | G111: =IFERROR(IF(DWR!A10="","",DWR!L10&" / "&DWR!M10),"") -> National / Province | H111: =IFERROR(IF(DWR!A10="","",DWR!N10&" / "&DWR!O10),"") -> CSV / Restricted | I111: =IFERROR(IF(DWR!P10="","",HYPERLINK(DWR!P10,IF(LEN(DWR!P10)>45,LEFT(DWR!P10,42)&"...",DWR!P10))),"") -> -
A112: =IFERROR(IF(DWR!A11="","",DWR!A11),"") -> DWR_1_10 | B112: =IFERROR(IF(DWR!B11="","",DWR!B11),"") -> จำนวนแหล่งน้ำผิวดิน (รวมทุกขนาด) | C112: =IFERROR(IF(DWR!A11="","",DWR!C11&CHAR(10)&DWR!D11&CHAR(10)&DWR!E11),"") -> Forward-looking Vulnerability ADAPTIVE_CAPACITY | D112: =IFERROR(IF(DWR!F11="","",DWR!F11),"") -> Heat (คลื่นความร้อน) | E112: =IFERROR(IF(DWR!I11="","",DWR!I11),"") -> 1960-2014; 2015-2040; 2041-2060; 2061-2080; 2081-2100 | F112: =IFERROR(IF(DWR!K11="","",DWR!K11),"") -> Annual | G112: =IFERROR(IF(DWR!A11="","",DWR!L11&" / "&DWR!M11),"") -> National / Province | H112: =IFERROR(IF(DWR!A11="","",DWR!N11&" / "&DWR!O11),"") -> CSV / Restricted | I112: =IFERROR(IF(DWR!P11="","",HYPERLINK(DWR!P11,IF(LEN(DWR!P11)>45,LEFT(DWR!P11,42)&"...",DWR!P11))),"") -> -
A113: EPPO — สำนักงานนโยบายและแผนพลังงาน
A114: =IFERROR(IF(EPPO!A2="","",EPPO!A2),"") -> EPPO_1_1 | B114: =IFERROR(IF(EPPO!B2="","",EPPO!B2),"") -> ตำแหน่งที่ตั้งโรงไฟฟ้า | C114: =IFERROR(IF(EPPO!A2="","",EPPO!C2&CHAR(10)&EPPO!D2&CHAR(10)&EPPO!E2),"") -> Forward-looking Exposure EXPOSED_ASSET | D114: =IFERROR(IF(EPPO!F2="","",EPPO!F2),"") -> Cross-cutting (ทุกภัย) | E114: =IFERROR(IF(EPPO!I2="","",EPPO!I2),"") -> Unknown | F114: =IFERROR(IF(EPPO!K2="","",EPPO!K2),"") -> Unknown | G114: =IFERROR(IF(EPPO!A2="","",EPPO!L2&" / "&EPPO!M2),"") -> National / Point | H114: =IFERROR(IF(EPPO!A2="","",EPPO!N2&" / "&EPPO!O2),"") -> CSV / Restricted | I114: =IFERROR(IF(EPPO!P2="","",HYPERLINK(EPPO!P2,IF(LEN(EPPO!P2)>45,LEFT(EPPO!P2,42)&"...",EPPO!P2))),"") -> https://www2.eppo.go.th/cdf/data_regional_...
A115: FAD — กรมศิลปากร
A116: =IFERROR(IF(FAD!A2="","",FAD!A2),"") -> FAD_1_1 | B116: =IFERROR(IF(FAD!B2="","",FAD!B2),"") -> แหล่งโบราณสถาน | C116: =IFERROR(IF(FAD!A2="","",FAD!C2&CHAR(10)&FAD!D2&CHAR(10)&FAD!E2),"") -> Forward-looking Exposure EXPOSED_ASSET | D116: =IFERROR(IF(FAD!F2="","",FAD!F2),"") -> Cross-cutting (ทุกภัย) | E116: =IFERROR(IF(FAD!I2="","",FAD!I2),"") -> Up to 2025 | F116: =IFERROR(IF(FAD!K2="","",FAD!K2),"") -> Annual | G116: =IFERROR(IF(FAD!A2="","",FAD!L2&" / "&FAD!M2),"") -> National / Point | H116: =IFERROR(IF(FAD!A2="","",FAD!N2&" / "&FAD!O2),"") -> API / Restricted | I116: =IFERROR(IF(FAD!P2="","",HYPERLINK(FAD!P2,IF(LEN(FAD!P2)>45,LEFT(FAD!P2,42)&"...",FAD!P2))),"") -> https://gdcatalog.go.th/dataset/gdpublish-...
...

Sheet Introduction
B1: บัญชีรายการชุดข้อมูลพื้นฐาน
B2: Baseline Data Inventory
B4: 1. วัตถุประสงค์ (Purpose)
B5: ไฟล์นี้ใช้รวบรวมและจัดทำบัญชีรายการชุดข้อมูลพื้นฐานที่มีอยู่และถูกใช้งาน ณ ปัจจุบัน ตาม TOR ข้อ 5.3.5 จัดทำบัญชีรายการชุดข้อมูลพื้นฐาน (Baseline Data Inventory) โดยการรวบรวมและจัดทำ บัญชีรายการ "ชุดข้อมูลดิบ" ที่จำเป็นต่อการพัฒนาบริการสารสนเทศ ณ ปัจจุบัน โดยจัดหมวดหมู่ตามกรอบการประเมินความเสี่ยงที่เป็นมาตรฐานสากล และระบุรายละเอียดสำคัญของแต่ละรายการ ดังนี้ - ﻿﻿ตัวขับเคลื่อนภูมิอากาศ (Climatic Driver): ปัจจัยหลักที่มีอิทธิพลต่อสภาพอากาศและภัย - ﻿﻿ภัย (Hazard): ข้อมูลภัยพิบัติต่างๆ (อุทกภัย, ภัยแล้ง, คลื่นความร้อน ฯลฯ) - ﻿﻿การเปิดรับภัย (Exposure): ข้อมูลตำแหน่งและปริมาณของคน/ทรัพย์สินที่อาจได้รับผลกระทบ - ความอ่อนไหวต่อภัย (Sensitivity): ข้อมูลคุณลักษณะของระบบ/ประชากรที่ได้รับผลกระทบได้ง่าย - ความสามารถในการปรับตัว (Adaptive Capacity): ข้อมูลศักยภาพเชิงกายภาพ, เศรษฐกิจ,และสังคมในการรับมือ - ผลกระทบ (Impact): ข้อมูลความเสียหายและความสูญเสียที่เกิดขึ้น - การตอบสนอง (Response): ข้อมูลมาตรการที่ใช้เพื่อจัดการความเสี่ยง - ความสูญเสียและความเสียหายจากการเปลี่ยนแปลงสภาพภูมิอากาศของประเทศไทย โดยแต่ละชุดข้อมูลให้ระบุรายละเอียดสำคัญ เช่น แหล่งที่มา, ขอบเขต, ปี, ความละเอียด, ข้อจำกัด, และระบุว่าเป็นข้อมูลในอดีต (Historical) หรือข้อมูลคาดการณ์ในอนาคต (Projected)
B7: 2. โครงสร้างไฟล์ (File Structure)
B8: Sheet | C8: คำอธิบาย (Description)
B9: Introduction | C9: คำอธิบายภาพรวม นิยามคอลัมน์ และรหัส
B10: Datasets_v1.0 | C10: ชุดข้อมูลแต่ละรายการ โดย 1 แถว รวมหมวดความเสี่ยง ภัย และสาขา
B11: Ref_Lookups | C11: รายการ dropdown และคำศัพท์ทั้งหมด
B13: 3. นิยามคอลัมน์ (Column Definitions)
B14: Column | C14: คำอธิบาย (Description)
B15: Source_ID | C15: รหัสอ้างอิงแหล่งที่มาของข้อมูล กำหนดจากตัวย่อหน่วยงานตามด้วยลำดับที่
B16: Source_Agency_TH | C16: ชื่อหน่วยงานเจ้าของข้อมูลเป็นภาษาไทยอย่างเป็นทางการ
B17: Source_Agency_Abrv | C17: ตัวย่อชื่อหน่วยงานเจ้าของข้อมูลตามที่ใช้อย่างเป็นทางการ
B18: Source_Name | C18: ชื่อระบบหรือฐานข้อมูลต้นทางที่เผยแพร่ชุดข้อมูล
B19: Source_Type | C19: ประเภทของแหล่งที่มา เช่น ฐานข้อมูลภาครัฐ ระบบสารสนเทศภูมิศาสตร์ หรือรายงาน
B20: Access_Level | C20: ระดับการเข้าถึงแหล่งข้อมูลโดยรวม โดย Open แปลว่า เข้าถึงได้เอง Restricted แปลว่า ต้องมีการขอข้อมูล
B21: URL (Source) | C21: ที่อยู่อินเทอร์เน็ตของแหล่งข้อมูลต้นทาง
B22: Remarks (Source) | C22: หมายเหตุเพิ่มเติมเกี่ยวกับแหล่งที่มา
B23: Dataset ID | C23: รหัสประจำชุดข้อมูล ใช้เพื่อการอ้างอิงภายในระบบ
B24: Dataset Name (Thai) | C24: ชื่อชุดข้อมูลเป็นภาษาไทย
B25: Domain | C25: ขอบข่ายของข้อมูลตามกรอบการดำเนินงานด้านการเปลี่ยนแปลงสภาพภูมิอากาศ
... B38: Remarks | C38: หมายเหตุเพิ่มเติมเกี่ยวกับชุดข้อมูล
B40: 4. โครงสร้างข้อมูล (Data Structure)
B41: คำอธิบาย (Description) | C41: Structure
B42: โครงสร้างถูกอ้างอิงตาม Conceptual Data Model (CDM) สำหรับการพัฒนา National Climate Adaptation Information Framework (NCAIF) | C42: Data Structure │ ├─ [1. Forward-looking] │ ├─ [Hazard] │ │ ├─ HAZARDOUS_EVENT │ │ ├─ HAZARD_MAP │ │ ├─ SATELLITE_OBSERVATION │ │ ├─ METEOROLOGICAL_OBSERVATION │ │ ├─ TOPOGRAPHY │ │ └─ ENVIRONMENT │ │ │ ├─ [Exposure] │ │ └─ EXPOSED_ASSET │ │ │ ├─ [Vulnerability] │ │ └─ VULNERABILITY_FRAMEWORK │ │ ├─ SENSITIVITY │ │ └─ ADAPTIVE_CAPACITY │ │ │ ├─ [CLIMATE_DRIVER] │ │ │ ├─ [COMPOSITE_INDEX] │ │ │ └─ [RISK_METRIC] │ ├─ [2. IMPACT (Backward-looking)] │ ├─ DISASTER_RECORD │ └─ LOSS_DAMAGE_RECORD │ ├─ [3. Adaptation Planning] │ └─ RESPONSE │ └─ [4. SPATIAL_UNIT]

Sheet Datasets_ฺmain_backup
A1: รหัสแหล่งที่มา Source_ID | B1: หน่วยงานแหล่งที่มา Source_Agency_TH | C1: ตัวย่อหน่วยงานแหล่งที่มา Source_Agency_Abrv | D1: ชื่อแหล่งที่มา Source_Name | E1: ประเภทแหล่งที่มา Source_Type | F1: ระดับการเข้าถึง Access_Level | G1: URL | H1: หมายเหตุ Remarks
A2: BMA_1 | B2: กรุงเทพมหานคร | C2: BMA | D2: ข้อมูลจากการสัมภาษณ์ | E2: Interview | F2: Restricted | G2: -
A3: CDD_1 | B3: กรมการพัฒนาชุมชน | C3: CDD | F3: Restricted | G3: - | H3: ข้อมูลจำนวนและการกระจายตัวของครัวเรือนกลุ่มเปราะบาง (ยากจน ผู้สูงอายุ ผู้พิการ ฯลฯ) | จากรายการขอข้อมูล WebGIS DCCE 19/01/2026 (1_Data_WebGIS_DCCE_20260119.xlsx → sheet: CDD, ลำดับที่ 1)
A4: DCCE_1 | B4: กรมการเปลี่ยนแปลงสภาพภูมิอากาศและสิ่งแวดล้อม | C4: DCCE | D4: Report รายงานฉบับสมบูรณ์โครงการปรับปรุงระบบฐานข้อมูลความเสี่ยงเชิงพื้นที่จากการเปลี่ยนแปลงสภาพภูมิอากาศ | E4: Report | F4: Restricted | G4: -
A5: DCCE_2 | B5: กรมการเปลี่ยนแปลงสภาพภูมิอากาศและสิ่งแวดล้อม | C5: DCCE | D5: Website Climate Data Visualization | E5: Website | F5: Restricted | G5: https://clim-webbased.dcce.go.th/DataServices
A6: DCCE_3 | B6: กรมการเปลี่ยนแปลงสภาพภูมิอากาศและสิ่งแวดล้อม | C6: DCCE | D6: Website ฐานข้อมูลความเสี่ยงจากการเปลี่ยนแปลงสภาพภูมิอากาศ | E6: Website | F6: Open | G6: https://ccic.dcce.go.th/riskarea
A7: DDPM_1 | B7: กรมป้องกันและบรรเทาสาธารณภัย | C7: DDPM | F7: Restricted | G7: - | H7: ข้อมูลแผนที่แสดงระดับความเสี่ยงอุทกภัยในพื้นที่ | จากรายการขอข้อมูล WebGIS DCCE 19/01/2026 (1_Data_WebGIS_DCCE_20260119.xlsx → sheet: DDPM, ลำดับที่ 1)
A8: DDPM_2 | B8: กรมป้องกันและบรรเทาสาธารณภัย | C8: DDPM | D8: ข้อมูลจากการสัมภาษณ์ | E8: Interview | F8: Restricted | G8: -
A9: DGA_1 | B9: สำนักงานพัฒนารัฐบาลดิจิทัล (องค์การมหาชน) | C9: DGA | D9: ข้อมูลจากการสัมภาษณ์ | E9: Interview | F9: Restricted | G9: -
A10: DLA_1 | B10: กรมส่งเสริมการปกครองท้องถิ่น | C10: DLA | D10: ข้อมูลจากการสัมภาษณ์ | E10: Interview | F10: Restricted | G10: -
A11: DMCR_5 | B11: กรมทรัพยากรทางทะเลและชายฝั่ง | C11: DMCR | D11: Website THAILAND COASTAL SPATIAL DATABASE SYSTEM ระบบฐานข้อมูลเชิงพื้นที่การเปลี่ยนแปลงพื้นที่ชายฝั่งทะเลไทย | E11: Website | F11: Open | G11: https://tcs.dmcr.go.th/dmcr/v2/router?page=dashboard
A12: DMCR_6 | B12: กรมทรัพยากรทางทะเลและชายฝั่ง | C12: DMCR | D12: Website GEO-INFORMATICS DATA CENTER FOR MARINE AND COASTAL ศูนย์ข้อมูลภูมิสารสนเทศทางทะเลและชายฝั่ง | E12: Website | F12: Open | G12: https://marinemap.dmcr.go.th/
A13: DMCR_7 | B13: กรมทรัพยากรทางทะเลและชายฝั่ง | C13: DMCR | D13: Website Project to develop a system for assessing coral bleaching โครงการพัฒนาระบบประเมินการเกิดปะการังฟอกขาว | E13: Website | F13: Open | G13: https://thailandcoralbleaching.dmcr.go.th/th/home#coral-report-scroll
A14: DMR_1 | B14: กรมทรัพยากรธรณี | C14: DMR | F14: Restricted | G14: - | H14: ข้อมูลพื้นที่ที่ได้รับผลกระทบจริงจากเหตุแผ่นดินถล่ม น้ำป่าไหลหลาก และน้ำท่วมฉับพลัน | จากรายการขอข้อมูล WebGIS DCCE 19/01/2026 (1_Data_WebGIS_DCCE_20260119.xlsx → sheet: DMR, ลำดับที่ 1)
A15: DMR_2 | B15: กรมทรัพยากรธรณี | C15: DMR | D15: Website GD Catalog พื้นที่ได้รับผลกระทบจากแผ่นดินถล่มและน้ำป่าไหลหลาก | E15: Website | F15: Open | G15: https://gdcatalog.go.th/dataset/gdpublish-debris_flood
A16: DOH_1 | B16: กรมทางหลวง | C16: DOH | F16: Restricted | G16: - | H16: ข้อมูลแนวเส้นถนนหลวง ถนนสายหลัก และทางหลวงพิเศษ | จากรายการขอข้อมูล WebGIS DCCE 19/01/2026 (1_Data_WebGIS_DCCE_20260119.xlsx → sheet: DOH, ลำดับที่ 1)
A17: DOHealth_1 | B17: กรมอนามัย | C17: DOHealth | F17: Restricted | G17: - | H17: ข้อมูลตำแหน่งที่ตั้งของโรงพยาบาลและศูนย์สุขภาพประจำตำบล (รพ.สต.) | จากรายการขอข้อมูล WebGIS DCCE 19/01/2026 (1_Data_WebGIS_DCCE_20260119.xlsx → sheet: DOHealth, ลำดับที่ 1)
A18: DOPA_1 | B18: กรมการปกครอง | C18: DOPA | D18: Website กรมการปกครอง | E18: Website | F18: Restricted | G18: https://www.dopa.go.th/
A19: DOT_1 | B19: กรมการท่องเที่ยว | C19: DOT | F19: Restricted | G19: - | H19: ข้อมูลตำแหน่งและขอบเขตของแหล่งท่องเที่ยวธรรมชาติ วัฒนธรรม ชุมชน นิเวศ และนันทนาการ | จากรายการขอข้อมูล WebGIS DCCE 19/01/2026 (1_Data_WebGIS_DCCE_20260119.xlsx → sheet: DOT, ลำดับที่ 1)
A20: DPT_1 | B20: กรมโยธาธิการและผังเมือง | C20: DPT | D20: ข้อมูลจากการสัมภาษณ์ | E20: Interview | F20: Restricted | G20: -
A21: EPPO_1 | B21: สำนักงานนโยบายและแผนพลังงาน | C21: EPPO | F21: Restricted | G21: https://www2.eppo.go.th/cdf/data_regional_central.html
A22: FAD_1 | B22: กรมศิลปากร | C22: FAD | F22: Restricted | G22: - | H22: ข้อมูลตำแหน่งและขอบเขตของแหล่งโบราณสถานในความรับผิดชอบของกรมศิลปากร | จากรายการขอข้อมูล WebGIS DCCE 19/01/2026 (1_Data_WebGIS_DCCE_20260119.xlsx → sheet: FAD, ลำดับที่ 1)
A23: FTI_1 | B23: สภาอุตสาหกรรมแห่งประเทศไทย | C23: FTI | D23: ข้อมูลจากการสัมภาษณ์ | E23: Interview | F23: Restricted | G23: -
A24: GISTDA_1 | B24: สำนักงานพัฒนาเทคโนโลยีอวกาศและภูมิสารสนเทศ (องค์การมหาชน) | C24: GISTDA | D24: Website Gistda Gateway | E24: Website | F24: Open | G24: https://api-gateway.gistda.or.th/
A25: GISTDA_2 | B25: สำนักงานพัฒนาเทคโนโลยีอวกาศและภูมิสารสนเทศ (องค์การมหาชน) | C25: GISTDA | D25: Website Marine GI Portal ระบบประเมินและติดตามระบบนิเวศทางทะเลและชายฝั่ง | E25: Website | F25: Open | G25: https://portal.marineportal.gistda.or.th/catalogue/#/
A26: GISTDA_3 | B26: สำนักงานพัฒนาเทคโนโลยีอวกาศและภูมิสารสนเทศ (องค์การมหาชน) | C26: GISTDA | D26: Website Disaster Platform ระบบสนับสนุนการตัดสินใจเพื่อบริหารจัดการภัยพิบัติ | E26: Website | F26: Open | G26: https://disaster.gistda.or.th/services/download
A27: GISTDA_4 | B27: สำนักงานพัฒนาเทคโนโลยีอวกาศและภูมิสารสนเทศ (องค์การมหาชน) | C27: GISTDA | D27: Website GISTDA DATA CUBE | E27: Website | F27: Open | G27: https://datacube.gistda.or.th/
A28: HII_1 | B28: สถาบันสารสนเทศทรัพยากรน้ำ (องค์การมหาชน) | C28: HII | F28: Restricted | G28: - | H28: ข้อมูลพื้นที่เสี่ยงภัยแล้งที่ได้จากการประเมินด้วยดัชนี Drought Risk Index (DRI) | จากรายการขอข้อมูล WebGIS DCCE 19/01/2026 (1_Data_WebGIS_DCCE_20260119.xlsx → sheet: HII, ลำดับที่ 1)
A29: IEAT_1 | B29: การนิคมอุตสาหกรรมแห่งประเทศไทย | C29: IEAT | F29: Restricted | G29: - | H29: ข้อมูลตำแหน่งที่ตั้งและขอบเขตของเขตนิคมอุตสาหกรรม | จากรายการขอข้อมูล WebGIS DCCE 19/01/2026 (1_Data_WebGIS_DCCE_20260119.xlsx → sheet: IEAT, ลำดับที่ 1)
A30: LDD_1 | B30: กรมพัฒนาที่ดิน | C30: LDD | F30: Restricted | G30: - | H30: ข้อมูลพื้นที่ที่เกิดภาวะแล้งซ้ำซากอย่างต่อเนื่อง | จากรายการขอข้อมูล WebGIS DCCE 19/01/2026 (1_Data_WebGIS_DCCE_20260119.xlsx → sheet: LDD, ลำดับที่ 1)
A31: LDD_4 | B31: กรมพัฒนาที่ดิน | C31: LDD | D31: Website บัญชีรายการข้อมูลกรมพัฒนาที่ดิน พื้นที่เสี่ยงภัย | E31: Website | F31: Restricted | G31: http://sql.ldd.go.th/ldddata/mapsoilH3.html
A32: MD_1 | B32: กรมเจ้าท่า | C32: MD | F32: Restricted | G32: - | H32: ข้อมูลระดับน้ำทะเลบริเวณอ่าวไทย และฝั่งอันดามัน | จากรายการขอข้อมูล WebGIS DCCE 19/01/2026 (1_Data_WebGIS_DCCE_20260119.xlsx → sheet: MD, ลำดับที่ 1)
A33: MD_2 | B33: กรมเจ้าท่า | C33: MD | D33: Website กลุ่มอุทกวิทยา กรมเจ้าท่า | E33: Website | F33: Open | G33: http://hydro.md.go.th/
A34: MHESI_1 | B34: กระทรวงการอุดมศึกษา วิทยาศาสตร์ วิจัยและนวัตกรรม | C34: MHESI | F34: Restricted | G34: - | H34: ข้อมูลตำแหน่งที่ตั้งและขอบเขตของสถาบันอุดมศึกษา | จากรายการขอข้อมูล WebGIS DCCE 19/01/2026 (1_Data_WebGIS_DCCE_20260119.xlsx → sheet: MHESI, ลำดับที่ 1)
A35: MSDHS_1 | B35: กระทรวงการพัฒนาสังคมและความมั่นคงของมนุษย์ | C35: MSDHS | D35: ข้อมูลจากการสัมภาษณ์ | E35: Interview | F35: Restricted | G35: -
A36: MWA_1 | B36: การประปานครหลวง | C36: MWA | F36: Restricted | G36: - | H36: ข้อมูลตำแหน่งที่ตั้งและขอบเขตของโรงประปานครหลวง | จากรายการขอข้อมูล WebGIS DCCE 19/01/2026 (1_Data_WebGIS_DCCE_20260119.xlsx → sheet: MWA, ลำดับที่ 1)
A37: NESDC_1 | B37: สำนักงานสภาพัฒนาการเศรษฐกิจและสังคมแห่งชาติ | C37: NESDC | D37: ข้อมูลจากการสัมภาษณ์ | E37: Interview | F37: Restricted | G37: -
A38: NSO_1 | B38: สำนักงานสถิติแห่งชาติ | C38: NSO | D38: Website สำรวจข้อมูลพื้นฐานของครัวเรือน | E38: Website | F38: Restricted | G38: https://www.nso.go.th/nsoweb/nso/survey_detail/nj#gsc.tab=0
A39: NSO_2 | B39: สำนักงานสถิติแห่งชาติ | C39: NSO | D39: ข้อมูลจากการสัมภาษณ์ | E39: Interview | F39: Restricted | G39: -
A40: NXPO_1 | B40: สำนักงานสภานโยบายการอุดมศึกษา วิทยาศาสตร์ วิจัยและนวัตกรรมแห่งชาติ | C40: NXPO | D40: ข้อมูลจากการสัมภาษณ์ | E40: Interview | F40: Restricted | G40: -
A41: OBEC_1 | B41: สำนักงานคณะกรรมการการศึกษาขั้นพื้นฐาน | C41: OBEC | F41: Restricted | G41: - | H41: ข้อมูลตำแหน่งที่ตั้งและขอบเขตของสถานศึกษาในสังกัด สพฐ. | จากรายการขอข้อมูล WebGIS DCCE 19/01/2026 (1_Data_WebGIS_DCCE_20260119.xlsx → sheet: OBEC, ลำดับที่ 1)
A42: OTP_1 | B42: สำนักงานนโยบายและแผนการขนส่งและจราจร | C42: OTP | D42: ข้อมูลจากการสัมภาษณ์ | E42: Interview | F42: Restricted | G42: -
A43: PWA_1 | B43: การประปาส่วนภูมิภาค | C43: PWA | F43: Restricted | G43: - | H43: ข้อมูลตำแหน่งที่ตั้งและขอบเขตของโรงประปาส่วนภูมิภาค | จากรายการขอข้อมูล WebGIS DCCE 19/01/2026 (1_Data_WebGIS_DCCE_20260119.xlsx → sheet: PWA, ลำดับที่ 1)
A44: SRT_1 | B44: การรถไฟแห่งประเทศไทย | C44: SRT | D44: Website การรถไฟแห่งประเทศไทย | E44: Website | F44: Restricted | G44: https://www.railway.co.th/Home/Index
A45: TBA_1 | B45: สมาคมธนาคารไทย | C45: TBA | D45: ข้อมูลจากการสัมภาษณ์ | E45: Interview | F45: Restricted | G45: -
A46: TMD_1 | B46: กรมอุตุนิยมวิทยา | C46: TMD | D46: Website ส่วนพยากรณ์อากาศเชิงตัวเลข กองพยากรณ์อากาศ | E46: Website | F46: Open | G46: https://hpc.tmd.go.th/imgda
A47: TMD_2 | B47: กรมอุตุนิยมวิทยา | C47: TMD | D47: Website Heat Index Analysis การวิเคราะห์ค่าดัชนีความร้อน | E47: Website | F47: Open | G47: http://www.rnd.tmd.go.th/heatindexanalysis/
A48: TMD_3 | B48: กรมอุตุนิยมวิทยา | C48: TMD | D48: Website เส้นทางพายุ | E48: Website | F48: Open | G48: https://www.tmd.go.th/storms
A49: TMD_4 | B49: กรมอุตุนิยมวิทยา | C49: TMD | D49: Website สถิติพายุหมุนเขตร้อน | E49: Website | F49: Open | G49: https://www.tmd.go.th/climate/climateStat/TropicalCyclone
A50: TMD_5 | B50: กรมอุตุนิยมวิทยา | C50: TMD | D50: Website Open Data of TMD การให้บริการข้อมูลเปิดอุตุนิยมวิทยา | E50: Website | F50: Open | G50: https://data.tmd.go.th/dataset/index.php
A51: TMD_6 | B51: กรมอุตุนิยมวิทยา | C51: TMD | D51: Report ข้อมูลจากรายงานฉบับสมบูรณ์โครงการปรับปรุงระบบฐานข้อมูลความเสี่ยงเชิงพื้นที่จากการเปลี่ยนแปลงสภาพภูมิอากาศ | E51: Report | F51: Restricted | G51: -
A52: UDDC_1 | B52: ศูนย์ออกแบบและพัฒนาเมือง | C52: UDDC | D52: ข้อมูลจากการสัมภาษณ์ | E52: Interview | F52: Restricted | G52: -
A53: DWR_1 | B53: กรมทรัพยากรน้ำ | C53: DWR | D53: Report ข้อมูลจากรายงานฉบับสมบูรณ์โครงการปรับปรุงระบบฐานข้อมูลความเสี่ยงเชิงพื้นที่จากการเปลี่ยนแปลงสภาพภูมิอากาศ | E53: Report | F53: Restricted | G53: -
A54: MoPH_1 | B54: กระทรวงสาธารณสุข | C54: MoPH | D54: Report ข้อมูลจากรายงานฉบับสมบูรณ์โครงการปรับปรุงระบบฐานข้อมูลความเสี่ยงเชิงพื้นที่จากการเปลี่ยนแปลงสภาพภูมิอากาศ | E54: Report | F54: Restricted | G54: -
A55: ONEP_1 | B55: สำนักงานนโยบายและแผนทรัพยากรธรรมชาติและสิ่งแวดล้อม | C55: ONEP | D55: Report ข้อมูลจากรายงานฉบับสมบูรณ์โครงการปรับปรุงระบบฐานข้อมูลความเสี่ยงเชิงพื้นที่จากการเปลี่ยนแปลงสภาพภูมิอากาศ | E55: Report | F55: Restricted | G55: -

Sheet Datasets_main
A1: ตัวย่อหน่วยงาน Agency_Abrv | B1: ชื่อหน่วยงาน Agency_Name | C1: ลิงก์ไปยังชีต Go to Sheet
A2: BMA | B2: กรุงเทพมหานคร | C2: =HYPERLINK("#'BMA'!A1","ไปที่ชีต BMA →") -> ไปที่ชีต BMA →
A3: CDD | B3: กรมการพัฒนาชุมชน | C3: =HYPERLINK("#'CDD'!A1","ไปที่ชีต CDD →") -> ไปที่ชีต CDD →
A4: DCCE | B4: กรมการเปลี่ยนแปลงสภาพภูมิอากาศและสิ่งแวดล้อม | C4: =HYPERLINK("#'DCCE'!A1","ไปที่ชีต DCCE →") -> ไปที่ชีต DCCE →
A5: DDPM | B5: กรมป้องกันและบรรเทาสาธารณภัย | C5: =HYPERLINK("#'DDPM'!A1","ไปที่ชีต DDPM →") -> ไปที่ชีต DDPM →
A6: DMCR | B6: กรมทรัพยากรทางทะเลและชายฝั่ง | C6: =HYPERLINK("#'DMCR'!A1","ไปที่ชีต DMCR →") -> ไปที่ชีต DMCR →
A7: DMR | B7: กรมทรัพยากรธรณี | C7: =HYPERLINK("#'DMR'!A1","ไปที่ชีต DMR →") -> ไปที่ชีต DMR →
A8: DOH | B8: กรมทางหลวง | C8: =HYPERLINK("#'DOH'!A1","ไปที่ชีต DOH →") -> ไปที่ชีต DOH →
A9: DOHealth | B9: กรมอนามัย | C9: =HYPERLINK("#'DOHealth'!A1","ไปที่ชีต DOHealth →") -> ไปที่ชีต DOHealth →
A10: DOPA | B10: กรมการปกครอง | C10: =HYPERLINK("#'DOPA'!A1","ไปที่ชีต DOPA →") -> ไปที่ชีต DOPA →
A11: DOT | B11: กรมการท่องเที่ยว | C11: =HYPERLINK("#'DOT'!A1","ไปที่ชีต DOT →") -> ไปที่ชีต DOT →
A12: DPT | B12: กรมโยธาธิการและผังเมือง | C12: =HYPERLINK("#'DPT'!A1","ไปที่ชีต DPT →") -> ไปที่ชีต DPT →
A13: DWR | B13: กรมทรัพยากรน้ำ | C13: =HYPERLINK("#'DWR'!A1","ไปที่ชีต DWR →") -> ไปที่ชีต DWR →
A14: EPPO | B14: สำนักงานนโยบายและแผนพลังงาน | C14: =HYPERLINK("#'EPPO'!A1","ไปที่ชีต EPPO →") -> ไปที่ชีต EPPO →
A15: FAD | B15: กรมศิลปากร | C15: =HYPERLINK("#'FAD'!A1","ไปที่ชีต FAD →") -> ไปที่ชีต FAD →
A16: FTI | B16: สภาอุตสาหกรรมแห่งประเทศไทย | C16: =HYPERLINK("#'FTI'!A1","ไปที่ชีต FTI →") -> ไปที่ชีต FTI →
A17: GISTDA | B17: สำนักงานพัฒนาเทคโนโลยีอวกาศและภูมิสารสนเทศ (องค์การมหาชน) | C17: =HYPERLINK("#'GISTDA'!A1","ไปที่ชีต GISTDA →") -> ไปที่ชีต GISTDA →
A18: HII | B18: สถาบันสารสนเทศทรัพยากรน้ำ (องค์การมหาชน) | C18: =HYPERLINK("#'HII'!A1","ไปที่ชีต HII →") -> ไปที่ชีต HII →
A19: IEAT | B19: การนิคมอุตสาหกรรมแห่งประเทศไทย | C19: =HYPERLINK("#'IEAT'!A1","ไปที่ชีต IEAT →") -> ไปที่ชีต IEAT →
A20: LDD | B20: กรมพัฒนาที่ดิน | C20: =HYPERLINK("#'LDD'!A1","ไปที่ชีต LDD →") -> ไปที่ชีต LDD →
A21: MD | B21: กรมเจ้าท่า | C21: =HYPERLINK("#'MD'!A1","ไปที่ชีต MD →") -> ไปที่ชีต MD →
A22: MHESI | B22: กระทรวงการอุดมศึกษา วิทยาศาสตร์ วิจัยและนวัตกรรม | C22: =HYPERLINK("#'MHESI'!A1","ไปที่ชีต MHESI →") -> ไปที่ชีต MHESI →
A23: MSDHS | B23: กระทรวงการพัฒนาสังคมและความมั่นคงของมนุษย์ | C23: =HYPERLINK("#'MSDHS'!A1","ไปที่ชีต MSDHS →") -> ไปที่ชีต MSDHS →
A24: MWA | B24: การประปานครหลวง | C24: =HYPERLINK("#'MWA'!A1","ไปที่ชีต MWA →") -> ไปที่ชีต MWA →
A25: MoPH | B25: กระทรวงสาธารณสุข | C25: =HYPERLINK("#'MoPH'!A1","ไปที่ชีต MoPH →") -> ไปที่ชีต MoPH →
A26: NESDC | B26: สำนักงานสภาพัฒนาการเศรษฐกิจและสังคมแห่งชาติ | C26: =HYPERLINK("#'NESDC'!A1","ไปที่ชีต NESDC →") -> ไปที่ชีต NESDC →
A27: NSO | B27: สำนักงานสถิติแห่งชาติ | C27: =HYPERLINK("#'NSO'!A1","ไปที่ชีต NSO →") -> ไปที่ชีต NSO →
A28: OBEC | B28: สำนักงานคณะกรรมการการศึกษาขั้นพื้นฐาน | C28: =HYPERLINK("#'OBEC'!A1","ไปที่ชีต OBEC →") -> ไปที่ชีต OBEC →
A29: ONEP | B29: สำนักงานนโยบายและแผนทรัพยากรธรรมชาติและสิ่งแวดล้อม | C29: =HYPERLINK("#'ONEP'!A1","ไปที่ชีต ONEP →") -> ไปที่ชีต ONEP →
A30: OTP | B30: สำนักงานนโยบายและแผนการขนส่งและจราจร | C30: =HYPERLINK("#'OTP'!A1","ไปที่ชีต OTP →") -> ไปที่ชีต OTP →
A31: PWA | B31: การประปาส่วนภูมิภาค | C31: =HYPERLINK("#'PWA'!A1","ไปที่ชีต PWA →") -> ไปที่ชีต PWA →
A32: SRT | B32: การรถไฟแห่งประเทศไทย | C32: =HYPERLINK("#'SRT'!A1","ไปที่ชีต SRT →") -> ไปที่ชีต SRT →
A33: TMD | B33: กรมอุตุนิยมวิทยา | C33: =HYPERLINK("#'TMD'!A1","ไปที่ชีต TMD →") -> ไปที่ชีต TMD →
A34: UDDC | B34: ศูนย์ออกแบบและพัฒนาเมือง | C34: =HYPERLINK("#'UDDC'!A1","ไปที่ชีต UDDC →") -> ไปที่ชีต UDDC →

Sheet Ref_Lookups
A1: ขอบข่ายข้อมูล | B1: ขอบข่ายข้อมูลย่อย | C1: ชื่อประเภทข้อมูล | D1: คำอธิบาย | F1: ภัยที่เกี่ยวข้อง | G1: สาขา | H1: มิติด้านเวลา | I1: ความละเอียดเชิงเวลา | J1: ขอบเขตเชิงพื้นที่ | K1: รูปแบบไฟล์ | L1: ระดับการเข้าถึง
A2: Domain | B2: Sub_Domain | C2: Data_Entity | D2: Description | F2: Related Hazards | G2: Sectors | H2: Temporal Dimension | I2: Temporal Resolution | J2: Spatial Scope | K2: Format | L2: Access_Level
A3: Forward-looking | B3: Hazard | C3: HAZARDOUS_EVENT | D3: บันทึกเหตุการณ์ภัยเชิงเวลา-พื้นที่ (track / footprint / intensity ของ event ที่เกิดขึ้น) ใช้สอบเทียบ hazard model | F3: Air Quality / Haze (คุณภาพอากาศ / หมอกควัน) | G3: Agriculture (เกษตร) | H3: Historical | I3: Real-time | J3: Global | K3: API / Web Service | L3: Open Access
A4: Forward-looking | B4: Hazard | C4: HAZARD_MAP | D4: แผนที่ภัย / ระดับความรุนแรง (probabilistic หรือ scenario-based zonation เช่น flood return period, landslide susceptibility) | F4: Coastal Erosion (กัดเซาะชายฝั่ง) | G4: Human Settlement (ตั้งถิ่นฐาน) | H4: Projected | I4: Sub-daily | J4: Regional | K4: CSV | L4: Restricted Access
A5: Forward-looking | B5: Hazard | C5: SATELLITE_OBSERVATION | D5: ข้อมูลสำรวจระยะไกล (flood extent, drought, NDVI, LST) สำหรับวิเคราะห์ภัย | F5: Cross-cutting (ทุกภัย) | G5: Natural Resources (ทรัพยากรธรรมชาติ) | H5: Forecast | I5: Daily | J5: National | K5: Database
A6: Forward-looking | B6: Hazard | C6: METEOROLOGICAL_OBSERVATION | D6: ข้อมูลตรวจวัดอุตุนิยมวิทยา (สถานี / เรดาร์ / reanalysis) | F6: Drought (ภัยแล้ง) | G6: Public Health (สาธารณสุข) | I6: Monthly | J6: Sub-national | K6: GeoTIFF / Raster
A7: Forward-looking | B7: Hazard | C7: TOPOGRAPHY | D7: ข้อมูลภูมิประเทศ-ธรณี (DEM, slope, soil, geology) ใช้ประกอบการประเมินภัย | F7: Flood (อุทกภัย) | G7: Tourism (ท่องเที่ยว) | I7: Seasonal | J7: Province | K7: NetCDF
A8: Forward-looking | B8: Hazard | C8: ENVIRONMENT | D8: ข้อมูลสิ่งแวดล้อมพื้นฐาน (land use / land cover, ecosystem, vegetation) | F8: Heat (คลื่นความร้อน) | G8: Water (น้ำ) | I8: Annual | J8: District | K8: Other
A9: Forward-looking | B9: Exposure | C9: EXPOSED_ASSET | D9: สินทรัพย์ / ประชากร / พื้นที่ที่อาจได้รับผลกระทบจากภัย | F9: Landslide (ดินถล่ม) | G9: Cross-cutting (หลายสาขา) | I9: Event-based | J9: Tambon | K9: PDF Report
A10: Forward-looking | B10: Vulnerability | C10: VULNERABILITY_FRAMEWORK | D10: กรอบประเมินความเปราะบาง (wrapper ของ Sensitivity + Adaptive Capacity) | F10: Sea-level Rise (ระดับน้ำทะเลสูงขึ้น) | I10: Biannual | J10: Mooban | K10: Shapefile
A11: Forward-looking | B11: Vulnerability | C11: SENSITIVITY | D11: คุณลักษณะที่ทำให้ระบบเปราะบาง (sensitivity factors) | F11: Storm (พายุ) | I11: Bi-weekly | J11: Basin | K11: Image
A12: Forward-looking | B12: Vulnerability | C12: ADAPTIVE_CAPACITY | D12: ศักยภาพในการรับมือ / ปรับตัวของระบบ | F12: Wildfire (ไฟป่า) | J12: Point | K12: GeoJSON
A13: Forward-looking | B13: Climate Driver | C13: CLIMATE_DRIVER | D13: ปัจจัยขับเคลื่อนภูมิอากาศ (T, P, wind, SLR) ทั้ง observed และ projection (RCP/SSP)
A14: Forward-looking | B14: Composite Index | C14: COMPOSITE_INDEX | D14: ดัชนีรวมจาก H × E × V (normative composite score สำหรับ screening / ranking)
A15: Forward-looking | B15: Risk Metric | C15: RISK_METRIC | D15: ตัวชี้วัดความเสี่ยงเชิงปริมาณ (probabilistic / monetized: AAL, PML, EAD)
A16: IMPACT (Backward-looking) | B16: Disaster Record | C16: DISASTER_RECORD | D16: บันทึกเหตุการณ์ภัยพิบัติในอดีต (DesInventar / Sigma) ใช้ calibrate hazard model และวิเคราะห์ impact
A17: IMPACT (Backward-looking) | B17: Loss & Damage | C17: LOSS_DAMAGE_RECORD | D17: บันทึกความสูญเสีย / เสียหายจริง (lives, assets, ecosystem services)
A18: Adaptation Planning | B18: Response | C18: RESPONSE | D18: มาตรการ / นโยบาย / โครงการ ที่ใช้จัดการความเสี่ยง (adaptation actions, M&E)
A19: Spatial Unit | B19: Spatial Unit | C19: SPATIAL_UNIT | D19: ขอบเขตการปกครอง / หน่วยวิเคราะห์เชิงพื้นที่ (province / district / tambon / mooban / basin)

Sheet DCCE
A1: รหัส Dataset ID | B1: ชื่อชุดข้อมูล (TH) Dataset Name (Thai) | C1: ขอบข่ายข้อมูล Domain | D1: ขอบข่ายข้อมูลย่อย Sub_Domain | E1: ชื่อประเภทข้อมูล Data_Entity | F1: ภัยที่เกี่ยวข้อง Related Hazards | G1: สาขา Sectors | H1: มิติด้านเวลา Temporal Dimension | I1: ช่วงเวลา Time Period | J1: หน่วย Unit | K1: ความละเอียดเชิงเวลา Temporal Resolution | L1: ขอบเขตเชิงพื้นที่ Spatial Scope | M1: ความละเอียดเชิงพื้นที่ Spatial Resolution | N1: รูปแบบไฟล์ Format | O1: ระดับการเข้าถึง Access_Level | P1: URL | Q1: ข้อจำกัด Limitations / Gaps | R1: หมายเหตุ Remarks | S1: ชื่อแหล่งที่มา Source_Name | T1: ประเภทแหล่งที่มา Source_Type | U1: ระดับการเข้าถึง Access_Level | V1: หมายเหตุ Remarks
A2: DCCE_2_1 | B2: ปริมาณน้ำฝน (GridData, historical) | C2: Forward-looking | D2: Climate Driver | E2: CLIMATE_DRIVER | F2: Drought (ภัยแล้ง) | G2: Cross-cutting (หลายสาขา) | H2: Historical | I2: 1981-2023 | J2: mm | K2: Daily; Monthly | L2: National | M2: 25 km (Grid) | N2: NetCDF | O2: Restricted | P2: https://clim-webbased.dcce.go.th/DataServices | Q2: - | R2: Model/Source: GridData · Variable: pr · Scenario: historical | S2: Website Climate Data Visualization | T2: Website | U2: Restricted
A3: DCCE_2_10 | B3: ความชื้นสัมพัทธ์ (WRF-Chem) | C3: Forward-looking | D3: Climate Driver | E3: CLIMATE_DRIVER | F3: ภัยแล้ง (Drought); ไฟป่า (Wildfire) | G3: Cross-cutting (หลายสาขา) | H3: Historical; Projected | I3: 1981-2014 (historical); 2015-2099 (ssp585) | J3: % | K3: Daily; Monthly | L3: National | M3: 25 km (Grid) | N3: NetCDF | O3: Restricted | P3: https://clim-webbased.dcce.go.th/DataServices | Q3: มีเฉพาะ ssp585 | R3: Model/Source: WRF-Chem · Variable: hurs | S3: Website Climate Data Visualization | T3: Website | U3: Restricted
A4: DCCE_2_11 | B4: ปริมาณน้ำฝน (RegCM5, EC-Earth3-Veg) | C4: Forward-looking | D4: Climate Driver | E4: CLIMATE_DRIVER | F4: น้ำท่วม (Flood); ภัยแล้ง (Drought) | G4: Cross-cutting (หลายสาขา) | H4: Historical; Projected | I4: 1960-2014 (historical); 2015-2099 (ssp245); 2015-2099 (ssp585) | J4: mm | K4: Daily; Monthly | L4: National | M4: 25 km (Grid) | N4: NetCDF | O4: Restricted | P4: https://clim-webbased.dcce.go.th/DataServices | Q4: - | R4: Model/Source: RegCM5(Driving Model: EC-Earth3-Veg) · Variable: pr | S4: Website Climate Data Visualization | T4: Website | U4: Restricted
A5: DCCE_2_12 | B5: อุณหภูมิสูงสุด (RegCM5, EC-Earth3-Veg) | C5: Forward-looking | D5: Climate Driver | E5: CLIMATE_DRIVER | F5: คลื่นความร้อน (Heat); ภัยแล้ง (Drought) | G5: Cross-cutting (หลายสาขา) | H5: Historical; Projected | I5: 1960-2014 (historical); 2015-2099 (ssp245); 2015-2099 (ssp585) | J5: °C | K5: Daily; Monthly | L5: National | M5: 25 km (Grid) | N5: NetCDF | O5: Restricted | P5: https://clim-webbased.dcce.go.th/DataServices | Q5: - | R5: Model/Source: RegCM5 (EC-Earth3-Veg) · Variable: tasmax | S5: Website Climate Data Visualization | T5: Website | U5: Restricted
A6: DCCE_2_13 | B6: อุณหภูมิต่ำสุด (RegCM5, EC-Earth3-Veg) | C6: Forward-looking | D6: Climate Driver | E6: CLIMATE_DRIVER | F6: คลื่นความเย็น (Cold spell); คลื่นความร้อน (Heat) | G6: Cross-cutting (หลายสาขา) | H6: Historical; Projected | I6: 1960-2014 (historical); 2015-2099 (ssp245); 2015-2099 (ssp585) | J6: °C | K6: Daily; Monthly | L6: National | M6: 25 km (Grid) | N6: NetCDF | O6: Restricted | P6: https://clim-webbased.dcce.go.th/DataServices | Q6: - | R6: Model/Source: RegCM5 (EC-Earth3-Veg) · Variable: tasmin | S6: Website Climate Data Visualization | T6: Website | U6: Restricted
A7: DCCE_2_14 | B7: อุณหภูมิเฉลี่ย (RegCM5, EC-Earth3-Veg) | C7: Forward-looking | D7: Climate Driver | E7: CLIMATE_DRIVER | F7: Multi-hazard | G7: Cross-cutting (หลายสาขา) | H7: Historical; Projected | I7: 1960-2014 (historical); 2015-2099 (ssp245); 2015-2099 (ssp585) | J7: °C | K7: Daily; Monthly | L7: National | M7: 25 km (Grid) | N7: NetCDF | O7: Restricted | P7: https://clim-webbased.dcce.go.th/DataServices | Q7: - | R7: Model/Source: RegCM5 (EC-Earth3-Veg) · Variable: tas | S7: Website Climate Data Visualization | T7: Website | U7: Restricted
A8: DCCE_2_15 | B8: ความชื้นสัมพัทธ์ (RegCM5, EC-Earth3-Veg) | C8: Forward-looking | D8: Climate Driver | E8: CLIMATE_DRIVER | F8: ภัยแล้ง (Drought); ไฟป่า (Wildfire) | G8: Cross-cutting (หลายสาขา) | H8: Historical; Projected | I8: 1960-2014 (historical); 2015-2099 (ssp245); 2015-2099 (ssp585) | J8: % | K8: Daily; Monthly | L8: National | M8: 25 km (Grid) | N8: NetCDF | O8: Restricted | P8: https://clim-webbased.dcce.go.th/DataServices | Q8: - | R8: Model/Source: RegCM5 (EC-Earth3-Veg) · Variable: hurs | S8: Website Climate Data Visualization | T8: Website | U8: Restricted
A9: DCCE_2_16 | B9: ปริมาณน้ำฝน (Statistical Downscaling, CMIP6) | C9: Forward-looking | D9: Climate Driver | E9: CLIMATE_DRIVER | F9: น้ำท่วม (Flood); ภัยแล้ง (Drought) | G9: Cross-cutting (หลายสาขา) | H9: Historical; Projected | I9: 1981-2014 (historical); 2015-2100 (ssp245); 2015-2100 (ssp585) | J9: mm | K9: Daily; Monthly | L9: National | M9: 5 km (Grid) | N9: NetCDF | O9: Restricted | P9: https://clim-webbased.dcce.go.th/DataServices | Q9: - | R9: Model/Source: Statistical Downscalingจาก CMIP6 GCMs (ACCESS-CM2; MIROC6; MPI-ESM1-2) · Variable: pr | S9: Website Climate Data Visualization | T9: Website | U9: Restricted
A10: DCCE_2_17 | B10: อุณหภูมิสูงสุด (Statistical Downscaling, CMIP6) | C10: Forward-looking | D10: Climate Driver | E10: CLIMATE_DRIVER | F10: คลื่นความร้อน (Heat); ภัยแล้ง (Drought) | G10: Cross-cutting (หลายสาขา) | H10: Historical; Projected | I10: 1981-2014 (historical); 2015-2100 (ssp245); 2015-2100 (ssp585) | J10: °C | K10: Daily; Monthly | L10: National | M10: 5 km (Grid) | N10: NetCDF | O10: Restricted | P10: https://clim-webbased.dcce.go.th/DataServices | Q10: - | R10: Model/Source: Statistical Downscaling(ACCESS-CM2; MIROC6; MPI-ESM1-2) · Variable: tasmax | S10: Website Climate Data Visualization | T10: Website | U10: Restricted
A11: DCCE_2_18 | B11: อุณหภูมิต่ำสุด (Statistical Downscaling, CMIP6) | C11: Forward-looking | D11: Climate Driver | E11: CLIMATE_DRIVER | F11: คลื่นความเย็น (Cold spell); คลื่นความร้อน (Heat) | G11: Cross-cutting (หลายสาขา) | H11: Historical; Projected | I11: 1981-2014 (historical); 2015-2100 (ssp245); 2015-2100 (ssp585) | J11: °C | K11: Daily; Monthly | L11: National | M11: 5 km (Grid) | N11: NetCDF | O11: Restricted | P11: https://clim-webbased.dcce.go.th/DataServices | Q11: - | R11: Model/Source: Statistical Downscaling(ACCESS-CM2; MIROC6; MPI-ESM1-2) · Variable: tasmin | S11: Website Climate Data Visualization | T11: Website | U11: Restricted
A12: DCCE_2_19 | B12: อุณหภูมิเฉลี่ย (Statistical Downscaling, CMIP6) | C12: Forward-looking | D12: Climate Driver | E12: CLIMATE_DRIVER | F12: Multi-hazard | G12: Cross-cutting (หลายสาขา) | H12: Historical; Projected | I12: 1981-2014 (historical); 2015-2100 (ssp245); 2015-2100 (ssp585) | J12: °C | K12: Daily; Monthly | L12: National | M12: 5 km (Grid) | N12: NetCDF | O12: Restricted | P12: https://clim-webbased.dcce.go.th/DataServices | Q12: SD ไม่มีข้อมูล Relative Humidity (hurs) | R12: Model/Source: Statistical Downscaling(ACCESS-CM2; MIROC6; MPI-ESM1-2) · Variable: tas | S12: Website Climate Data Visualization | T12: Website | U12: Restricted
A13: DCCE_2_2 | B13: อุณหภูมิสูงสุด (GridData, historical) | C13: Forward-looking | D13: Climate Driver | E13: CLIMATE_DRIVER | F13: Drought (ภัยแล้ง) | G13: Cross-cutting (หลายสาขา) | H13: Historical | I13: 1981-2023 | J13: °C | K13: Daily; Monthly | L13: National | M13: 25 km (Grid) | N13: NetCDF | O13: Restricted | P13: https://clim-webbased.dcce.go.th/DataServices | Q13: - | R13: Model/Source: GridData · Variable: tasmax · Scenario: historical | S13: Website Climate Data Visualization | T13: Website | U13: Restricted
... A20: DCCE_2_9 | B20: อุณหภูมิเฉลี่ย (WRF-Chem) | C20: Forward-looking | D20: Climate Driver | E20: CLIMATE_DRIVER | F20: Multi-hazard | G20: Cross-cutting (หลายสาขา) | H20: Historical; Projected | I20: 1981-2014 (historical); 2015-2099 (ssp585) | J20: °C | K20: Daily; Monthly | L20: National | M20: 25 km (Grid) | N20: NetCDF | O20: Restricted | P20: https://clim-webbased.dcce.go.th/DataServices | Q20: มีเฉพาะ ssp585 | R20: Model/Source: WRF-Chem · Variable: tas | S20: Website Climate Data Visualization | T20: Website | U20: Restricted
A21: DCCE_3_1 | B21: ความเสี่ยงสาขาการเกษตรและความมั่นคงทางอาหาร | C21: Forward-looking | D21: Composite Index | E21: COMPOSITE_INDEX | F21: Cross-cutting (ทุกภัย) | G21: Agriculture (เกษตร) | H21: Historical; Projected | I21: 1960-2014; 2015-2040; 2041-2060; 2061-2080; 2081-2100 | L21: National | M21: Province | N21: CSV | O21: Open | P21: https://ccic.dcce.go.th/riskarea | Q21: มีเฉพาะ ssp585 และ ssp245 | R21: ดัชนีรวมจาก Hazard × Exposure × Vulnerability รายจังหวัด | S21: Website ฐานข้อมูลความเสี่ยงจากการเปลี่ยนแปลงสภาพภูมิอากาศ | T21: Website | U21: Open
A22: DCCE_3_2 | B22: ความเสี่ยงสาขาการจัดการน้ำ | C22: Forward-looking | D22: Composite Index | E22: COMPOSITE_INDEX | F22: Cross-cutting (ทุกภัย) | G22: Water (น้ำ) | H22: Historical; Projected | I22: 1960-2014; 2015-2040; 2041-2060; 2061-2080; 2081-2101 | L22: National | M22: Province | N22: CSV | O22: Open | P22: https://ccic.dcce.go.th/riskarea | Q22: มีเฉพาะ ssp585 และ ssp246 | R22: ดัชนีรวมจาก Hazard × Exposure × Vulnerability รายจังหวัด | S22: Website ฐานข้อมูลความเสี่ยงจากการเปลี่ยนแปลงสภาพภูมิอากาศ | T22: Website | U22: Open
A23: DCCE_3_3 | B23: ความเสี่ยงสาขาการตั้งถิ่นฐานและความมั่นคงมนุษย์ | C23: Forward-looking | D23: Composite Index | E23: COMPOSITE_INDEX | F23: Cross-cutting (ทุกภัย) | G23: Human Settlement (ตั้งถิ่นฐาน) | H23: Historical; Projected | I23: 1960-2014; 2015-2040; 2041-2060; 2061-2080; 2081-2102 | J23: Index (0-1) | K23: Annual | L23: National | M23: Province | N23: CSV | O23: Open | P23: https://ccic.dcce.go.th/riskarea | Q23: มีเฉพาะ ssp585 และ ssp247 | R23: ดัชนีรวมจาก Hazard × Exposure × Vulnerability รายจังหวัด | S23: Website ฐานข้อมูลความเสี่ยงจากการเปลี่ยนแปลงสภาพภูมิอากาศ | T23: Website | U23: Open
A24: DCCE_3_4 | B24: ความเสี่ยงสาขาการท่องเที่ยว | C24: Forward-looking | D24: Composite Index | E24: COMPOSITE_INDEX | F24: Cross-cutting (ทุกภัย) | G24: Tourism (ท่องเที่ยว) | H24: Historical; Projected | I24: 1960-2014; 2015-2040; 2041-2060; 2061-2080; 2081-2103 | J24: Index (0-1) | K24: Annual | L24: National | M24: Province | N24: CSV | O24: Open | P24: https://ccic.dcce.go.th/riskarea | Q24: มีเฉพาะ ssp585 และ ssp248 | R24: ดัชนีรวมจาก Hazard × Exposure × Vulnerability รายจังหวัด | S24: Website ฐานข้อมูลความเสี่ยงจากการเปลี่ยนแปลงสภาพภูมิอากาศ | T24: Website | U24: Open
A25: DCCE_3_5 | B25: ความเสี่ยงสาขาทรัพยากรธรรมชาติและสิ่งแวดล้อม | C25: Forward-looking | D25: Composite Index | E25: COMPOSITE_INDEX | F25: Cross-cutting (ทุกภัย) | G25: Natural Resources (ทรัพยากรธรรมชาติ) | H25: Historical; Projected | I25: 1960-2014; 2015-2040; 2041-2060; 2061-2080; 2081-2104 | J25: Index (0-1) | K25: Annual | L25: National | M25: Province | N25: CSV | O25: Open | P25: https://ccic.dcce.go.th/riskarea | Q25: มีเฉพาะ ssp585 และ ssp249 | R25: ดัชนีรวมจาก Hazard × Exposure × Vulnerability รายจังหวัด | S25: Website ฐานข้อมูลความเสี่ยงจากการเปลี่ยนแปลงสภาพภูมิอากาศ | T25: Website | U25: Open
A26: DCCE_3_6 | B26: ความเสี่ยงสาขาสาธารณสุข | C26: Forward-looking | D26: Composite Index | E26: COMPOSITE_INDEX | F26: Cross-cutting (ทุกภัย) | G26: Public Health (สาธารณสุข) | H26: Historical; Projected | I26: 1960-2014; 2015-2040; 2041-2060; 2061-2080; 2081-2105 | J26: Index (0-1) | K26: Annual | L26: National | M26: Province | N26: CSV | O26: Open | P26: https://ccic.dcce.go.th/riskarea | Q26: มีเฉพาะ ssp585 และ ssp250 | R26: ดัชนีรวมจาก Hazard × Exposure × Vulnerability รายจังหวัด | S26: Website ฐานข้อมูลความเสี่ยงจากการเปลี่ยนแปลงสภาพภูมิอากาศ | T26: Website | U26: Open
A27: DCCE_3_7 | B27: ดัชนีภูมิอากาศ | C27: Forward-looking | D27: Climate Driver | E27: CLIMATE_DRIVER | F27: Cross-cutting (ทุกภัย) | G27: Cross-cutting (หลายสาขา) | H27: Historical; Projected | I27: 1960-2014; 2015-2040; 2041-2060; 2061-2080; 2081-2106 | J27: Index | K27: Annual | L27: National | M27: Province | N27: CSV | O27: Open | P27: https://ccic.dcce.go.th/riskarea | Q27: มีเฉพาะ ssp585 และ ssp251 | R27: ดัชนีรวมปัจจัยภูมิอากาศ (T, P) สำหรับ screening รายพื้นที่ | S27: Website ฐานข้อมูลความเสี่ยงจากการเปลี่ยนแปลงสภาพภูมิอากาศ | T27: Website | U27: Open

Sheet GISTDA
A1: รหัส Dataset ID | B1: ชื่อชุดข้อมูล (TH) Dataset Name (Thai) | C1: ขอบข่ายข้อมูล Domain | D1: ขอบข่ายข้อมูลย่อย Sub_Domain | E1: ชื่อประเภทข้อมูล Data_Entity | F1: ภัยที่เกี่ยวข้อง Related Hazards | G1: มิติด้านเวลา Temporal Dimension | H1: ประเภทข้อมูล Data Type | I1: ช่วงเวลา Time Period | J1: หน่วย Unit | K1: ความละเอียดเชิงเวลา Temporal Resolution | L1: ขอบเขตเชิงพื้นที่ Spatial Scope | M1: ความละเอียดเชิงพื้นที่ Spatial Resolution | N1: รูปแบบไฟล์ Format | O1: ระดับการเข้าถึง Access_Level | P1: URL | Q1: ข้อจำกัด Limitations / Gaps | R1: หมายเหตุ Remarks | S1: ชื่อแหล่งที่มา Source_Name | T1: ประเภทแหล่งที่มา Source_Type | U1: ระดับการเข้าถึง Access_Level | V1: หมายเหตุ Remarks
A2: GISTDA_1_1 | B2: ข้อมูลขอบเขตพื้นที่เผาไหม้ (ล่าสุด) ในช่วง 365 วัน v1.2 | C2: Forward-looking | D2: Hazard | E2: SATELLITE_OBSERVATION | F2: Wildfire (ไฟป่า) | G2: Natural Resources (ทรัพยากรธรรมชาติ) | H2: Historical | I2: 2025-2026 | J2: ตร.กม. | K2: Annual | L2: National | M2: - | N2: API / Web Service | O2: Open | P2: https://api-gateway.gistda.or.th/gi-service/v1.2/disasters/burnt-area-latest-365 | Q2: - | R2: API endpoint: /gi-service/v1.2/disasters/burnt-area-latest-365 | tags: gi-services, disasters, burnt area, opendata, Fire | อัปเดตล่าสุด: 30 เม.ย. 2569 | S2: Website Gistda Gateway | T2: Website | U2: Open | V2: -
A3: GISTDA_1_10 | B3: ข้อมูลพื้นที่ปลูกข้าวรายสองสัปดาห์ (40 เมตร) v2.2 | C3: Forward-looking | D3: Exposure | E3: EXPOSED_ASSET | F3: Cross-cutting (ทุกภัย) | G3: Agriculture (เกษตร) | H3: Historical | I3: 2025 | J3: ตร.กม. | K3: Bi-weekly | L3: National | M3: 40 m (Grid) | N3: API / Web Service | O3: Open | P3: https://api-gateway.gistda.or.th/gi-service/v2.2/agriculture/rice-weekly-40m | Q3: - | R3: API endpoint: /gi-service/v2.2/agriculture/rice-weekly-40m | tags: gi-services, opendata, agriculture, rice, weekly, 40m | ข้าว รายสองสัปดาห์ | อัปเดตลล่าสุด: 11 พ.ย. 2568 | S3: Website Gistda Gateway | T3: Website | U3: Open | V3: -
A4: GISTDA_1_2 | B4: ข้อมูลขอบเขตพื้นที่เผาไหม้ (ล่าสุด) v1.2 | C4: Forward-looking | D4: Hazard | E4: SATELLITE_OBSERVATION | F4: Wildfire (ไฟป่า) | G4: Natural Resources (ทรัพยากรธรรมชาติ) | H4: Historical | I4: 2025 | J4: ตร.กม. | K4: Event-based | L4: National | M4: - | N4: API / Web Service | O4: Open | P4: https://api-gateway.gistda.or.th/gi-service/v1.2/disasters/burnt-area-latest | Q4: - | R4: API endpoint: /gi-service/v1.2/disasters/burnt-area-latest | tags: gi-services, disasters, burnt area, opendata, Fire | อัปเดตล่าสุด: 24 ต.ค. 2568 | S4: Website Gistda Gateway | T4: Website | U4: Open | V4: -
A5: GISTDA_1_3 | B5: ข้อมูลพื้นที่เหมาะสมในการเพาะปลูกพืชเศรษฐกิจ 6 ชนิดตามบริเวณที่ค้นหา v1.1 | C5: Forward-looking | D5: Exposure | E5: EXPOSED_ASSET | F5: Cross-cutting (ทุกภัย) | G5: Agriculture (เกษตร) | H5: Historical | I5: 2025 | J5: ตร.กม. | K5: Annual | L5: Sub-national | M5: - | N5: API / Web Service | O5: Open | P5: https://api-gateway.gistda.or.th/gi-service/v1.1/agriculture/crop-suitability | Q5: - | R5: API endpoint: /gi-service/v1.1/agriculture/crop-suitability | tags: gi-services, opendata, agriculture, crop, suitability | พืชเศรษฐกิจ 6 ชนิด | อัปเดตล่าสุด: 11 พ.ย. 2568 | S5: Website Gistda Gateway | T5: Website | U5: Open | V5: -
A6: GISTDA_1_4 | B6: ข้อมูลพื้นที่ปลูกพืชเศรษฐกิจ 6 ชนิดตามบริเวณที่ค้นหา v2.2 | C6: Forward-looking | D6: Exposure | E6: EXPOSED_ASSET | F6: Cross-cutting (ทุกภัย) | G6: Agriculture (เกษตร) | H6: Historical | I6: 2025 | J6: ตร.กม. | K6: Annual | L6: Sub-national | M6: 40 m (Grid) | N6: API / Web Service | O6: Open | P6: https://api-gateway.gistda.or.th/gi-service/v2.2/agriculture/check-crop | Q6: - | R6: API endpoint: /gi-service/v2.2/agriculture/check-crop | tags: gi-services, opendata, agriculture, crop, 40m | ตรวจสอบพืชเศรษฐกิจ 6 ชนิด | อัปเดตล่าสุด: 11 พ.ย. 2568 | S6: Website Gistda Gateway | T6: Website | U6: Open | V6: -
A7: GISTDA_1_5 | B7: ข้อมูลพื้นที่ปลูกปาล์มน้ำมันรายปี (40 เมตร) v2.2 | C7: Forward-looking | D7: Exposure | E7: EXPOSED_ASSET | F7: Cross-cutting (ทุกภัย) | G7: Agriculture (เกษตร) | H7: Historical | I7: 2025 | J7: ตร.กม. | K7: Annual | L7: National | M7: 40 m (Grid) | N7: API / Web Service | O7: Open | P7: https://api-gateway.gistda.or.th/gi-service/v2.2/agriculture/palm-yearly-40m | Q7: - | R7: API endpoint: /gi-service/v2.2/agriculture/palm-yearly-40m | tags: gi-services, opendata, agriculture, palm, 40m | รายปี | อัปเดตล่าสุด: 11 พ.ย. 2568 | S7: Website Gistda Gateway | T7: Website | U7: Open | V7: -
A8: GISTDA_1_6 | B8: ข้อมูลพื้นที่ปลูกยางพารารายปี (40 เมตร) v2.2 | C8: Forward-looking | D8: Exposure | E8: EXPOSED_ASSET | F8: Cross-cutting (ทุกภัย) | G8: Agriculture (เกษตร) | H8: Historical | I8: 2025 | J8: ตร.กม. | K8: Annual | L8: National | M8: 40 m (Grid) | N8: API / Web Service | O8: Open | P8: https://api-gateway.gistda.or.th/gi-service/v2.2/agriculture/rubber-yearly-40m | Q8: - | R8: API endpoint: /gi-service/v2.2/agriculture/rubber-yearly-40m | tags: gi-services, opendata, agriculture, rubber, 40m | ยางพารา รายปี | อัปเดตล่าสุด: 11 พ.ย. 2568 | S8: Website Gistda Gateway | T8: Website | U8: Open | V8: -
A9: GISTDA_1_7 | B9: ข้อมูลพื้นที่ปลูกอ้อยรายสองสัปดาห์ (40 เมตร) v2.2 | C9: Forward-looking | D9: Exposure | E9: EXPOSED_ASSET | F9: Cross-cutting (ทุกภัย) | G9: Agriculture (เกษตร) | H9: Historical | I9: 2025 | J9: ตร.กม. | K9: Bi-weekly | L9: National | M9: 40 m (Grid) | N9: API / Web Service | O9: Open | P9: https://api-gateway.gistda.or.th/gi-service/v2.2/agriculture/sugarcane-weekly-40m | Q9: - | R9: API endpoint: /gi-service/v2.2/agriculture/sugarcane-weekly-40m | tags: gi-services, opendata, agriculture, sugarcane, weekly, 40m | อ้อย รายสองสัปดาห์ | อัปเดตล่าสุด: 11 พ.ย. 2568 | S9: Website Gistda Gateway | T9: Website | U9: Open | V9: -
A10: GISTDA_1_8 | B10: ข้อมูลพื้นที่ปลูกมันสำปะหลังรายสองสัปดาห์ (40 เมตร) v2.2 | C10: Forward-looking | D10: Exposure | E10: EXPOSED_ASSET | F10: Cross-cutting (ทุกภัย) | G10: Agriculture (เกษตร) | H10: Historical | I10: 2025 | J10: ตร.กม. | K10: Bi-weekly | L10: National | M10: 40 m (Grid) | N10: API / Web Service | O10: Open | P10: https://api-gateway.gistda.or.th/gi-service/v2.2/agriculture/cassava-weekly-40m | Q10: - | R10: API endpoint: /gi-service/v2.2/agriculture/cassava-weekly-40m | tags: gi-services, opendata, agriculture, cassava, weekly, 40m | มันสำปะหลัง รายสองสัปดาห์ | อัปเดตล่าสุด: 11 พ.ย. 2568 | S10: Website Gistda Gateway | T10: Website | U10: Open | V10: -
A11: GISTDA_1_9 | B11: ข้อมูลพื้นที่ปลูกข้าวโพดรายสองสัปดาห์ (40 เมตร) v2.2 | C11: Forward-looking | D11: Exposure | E11: EXPOSED_ASSET | F11: Cross-cutting (ทุกภัย) | G11: Agriculture (เกษตร) | H11: Historical | I11: 2025 | J11: ตร.กม. | K11: Bi-weekly | L11: National | M11: 40 m (Grid) | N11: API / Web Service | O11: Open | P11: https://api-gateway.gistda.or.th/gi-service/v2.2/agriculture/maize-weekly-40m | Q11: - | R11: API endpoint: /gi-service/v2.2/agriculture/maize-weekly-40m | tags: gi-services, opendata, agriculture, maize, weekly, 40m | ข้าวโพด รายสองสัปดาห์ | อัปเดตล่าสุด: 11 พ.ย. 2568 | S11: Website Gistda Gateway | T11: Website | U11: Open | V11: -
A12: GISTDA_2_1 | B12: อุณหภูมิผิวหน้าน้ำทะเล (SST) | C12: Forward-looking | D12: Climate Driver | E12: CLIMATE_DRIVER | F12: Multi-hazard | G12: Cross-cutting (หลายสาขา) | H12: Historical | I12: Up to 2026 | J12: °C | K12: Daily | L12: National | M12: 0.85 km (Grid) | N12: NetCDF | O12: Open | P12: https://portal.marineportal.gistda.or.th/catalogue/#/ | Q12: - | R12: วิเคราะห์ประมวลผลจากภาพถ่ายดาวเทียม Suomi-NPP/NOAA-20 ระบบ VIIRS | S12: Website Marine GI Portal ระบบประเมินและติดตามระบบนิเวศทางทะเลและชายฝั่ง | T12: Website | U12: Open
A13: GISTDA_2_2 | B13: แสงไฟในเวลากลางคืน (Nighttime Light) | C13: Forward-looking | D13: Exposure | E13: EXPOSED_ASSET | F13: Cross-cutting (ทุกภัย) | G13: Human Settlement (ตั้งถิ่นฐาน) | H13: Historical | I13: 2016-2025 | J13: nW/cm²/sr | K13: Annual | L13: National | M13: - | N13: Shapefile | O13: Open | P13: https://portal.marineportal.gistda.or.th/catalogue/#/ | R13: ข้อมูลความเข้มแสงไฟกลางคืนจากภาพถ่ายดาวเทียม ใช้เป็น proxy ของกิจกรรมเศรษฐกิจ | จากรายการขอข้อมูล WebGIS DCCE 19/01/2026 (1_Data_WebGIS_DCCE_20260119.xlsx → sheet: GISTDA, ลำดับที่ 4) | S13: Website Marine GI Portal ระบบประเมินและติดตามระบบนิเวศทางทะเลและชายฝั่ง | T13: Website | U13: Open
A14: GISTDA_3_1 | B14: ขอบเขตน้ำท่วมจากภาพถ่ายดาวเทียม | C14: Forward-looking | D14: Hazard | E14: SATELLITE_OBSERVATION | F14: Flood (อุทกภัย) | G14: Cross-cutting (หลายสาขา) | H14: Historical | I14: 2022-2025 | J14: ตร.กม. | K14: Event-based | L14: National | M14: Sub-district | N14: Shapefile | O14: Open | P14: https://disaster.gistda.or.th/services/download | Q14: การเข้าถึงมีหลายขั้นตอน | R14: ข้อมูลขอบเขตพื้นที่ที่เกิดน้ำท่วมจากเหตุการณ์จริงหรือจากการประกาศอย่างเป็นทางการ | S14: Website Disaster Platform ระบบสนับสนุนการตัดสินใจเพื่อบริหารจัดการภัยพิบัติ | T14: Website | U14: Open
A15: GISTDA_3_2 | B15: ข้อมูลจุดความร้อน | C15: Forward-looking | D15: Hazard | E15: SATELLITE_OBSERVATION | F15: Flood (อุทกภัย) | G15: Cross-cutting (หลายสาขา) | H15: Historical | I15: 2022-2026 | J15: จุด | K15: Event-based | L15: National | M15: Sub-district | N15: Shapefile | O15: Open | P15: https://disaster.gistda.or.th/services/download | Q15: การเข้าถึงมีหลายขั้นตอน | S15: Website Disaster Platform ระบบสนับสนุนการตัดสินใจเพื่อบริหารจัดการภัยพิบัติ | T15: Website | U15: Open
A16: GISTDA_3_3 | B16: ความชื้นในดิน (Soil Moisture Active Passive : SMAP) | C16: Forward-looking | D16: Hazard | E16: SATELLITE_OBSERVATION | F16: Drought (ภัยแล้ง) | G16: Cross-cutting (หลายสาขา) | H16: Historical | I16: 2023-2026 | J16: - | K16: Weekly | L16: National | M16: Tambon | N16: Image; CSV | O16: Open | P16: https://disaster.gistda.or.th/services/download | Q16: การเข้าถึงมีหลายขั้นตอน | S16: Website Disaster Platform ระบบสนับสนุนการตัดสินใจเพื่อบริหารจัดการภัยพิบัติ | T16: Website | U16: Open
A17: GISTDA_4_1 | B17: ภาพถ่ายดาวเทียม | C17: Forward-looking | D17: Hazard | E17: SATELLITE_OBSERVATION | F17: Multi-hazard | G17: Cross-cutting (หลายสาขา) | H17: Historical | I17: 2017-2025 | J17: - | K17: Daily; Monthly | L17: National | M17: 2 m (Grid) | N17: NetCDF | O17: Open | P17: https://datacube.gistda.or.th/ | Q17: - | R17: - | S17: Website GISTDA DATA CUBE | T17: Website | U17: Open
A18: GISTDA_5_1 | B18: พื้นที่น้ำท่วมซ้ำซาก | C18: Forward-looking | D18: Hazard | E18: HAZARD_MAP | F18: Flood (อุทกภัย) | G18: Agriculture — เกษตร; Human Settlement — ตั้งถิ่นฐาน; Tourism — ท่องเที่ยว; Water — น้ำ | H18: Historical; Projected | I18: 1960-2014; 2015-2040; 2041-2060; 2061-2080; 2081-2100 | J18: ตร.กม. | K18: Annual | L18: National | M18: Province | N18: CSV | O18: Restricted | P18: - | Q18: - | S18: Report รายงานฉบับสมบูรณ์โครงการปรับปรุงระบบฐานข้อมูลความเสี่ยงเชิงพื้นที่จากการเปลี่ยนแปลงสภาพภูมิอากาศ | T18: Report | U18: Restricted

Sheet TMD
A1: รหัส Dataset ID | B1: ชื่อชุดข้อมูล (TH) Dataset Name (Thai) | C1: ขอบข่ายข้อมูล Domain | D1: ขอบข่ายข้อมูลย่อย Sub_Domain | E1: ชื่อประเภทข้อมูล Data_Entity | F1: ภัยที่เกี่ยวข้อง Related Hazards | G1: สาขา Sectors | H1: มิติด้านเวลา Temporal Dimension | I1: ช่วงเวลา Time Period | J1: หน่วย Unit | K1: ความละเอียดเชิงเวลา Temporal Resolution | L1: ขอบเขตเชิงพื้นที่ Spatial Scope | M1: ความละเอียดเชิงพื้นที่ Spatial Resolution | N1: รูปแบบไฟล์ Format | O1: ระดับการเข้าถึง Access_Level | P1: URL | Q1: ข้อจำกัด Limitations / Gaps | R1: หมายเหตุ Remarks | S1: ชื่อแหล่งที่มา Source_Name | T1: ประเภทแหล่งที่มา Source_Type | U1: ระดับการเข้าถึง Access_Level | V1: หมายเหตุ Remarks
A2: TMD_1_1 | B2: ปริมาณฝนสะสม 1 ชั่วโมง (P1H) | C2: Forward-looking | D2: Climate Driver | E2: CLIMATE_DRIVER | F2: น้ำท่วม (Flood) | G2: Cross-cutting (หลายสาขา) | H2: Forecast | I2: 3 days | J2: mm | K2: Hourly | L2: National | M2: 3 km (Grid) | N2: PNG / Image | O2: Open | P2: https://hpc.tmd.go.th/imgda | Q2: เผยแพร่เป็นภาพเท่านั้น | R2: WRF model output, Domain 2 | S2: Website ส่วนพยากรณ์อากาศเชิงตัวเลข กองพยากรณ์อากาศ | T2: Website | U2: Open
A3: TMD_1_2 | B3: ปริมาณฝนสะสม 24 ชั่วโมง (P24H) | C3: Forward-looking | D3: Climate Driver | E3: CLIMATE_DRIVER | F3: Flood (น้ำท่วม); Landslide (ดินถล่ม) | G3: Cross-cutting (หลายสาขา) | H3: Forecast | I3: 3 days | J3: mm | K3: Daily | L3: National | M3: 3 km (Grid) | N3: PNG / Image | O3: Open | P3: https://hpc.tmd.go.th/imgda | Q3: เผยแพร่เป็นภาพเท่านั้น | R3: WRF model output, Domain 2 | S3: Website ส่วนพยากรณ์อากาศเชิงตัวเลข กองพยากรณ์อากาศ | T3: Website | U3: Open
A4: TMD_1_3 | B4: ความกดอากาศระดับน้ำทะเลปานกลาง (PRMSL) | C4: Forward-looking | D4: Climate Driver | E4: CLIMATE_DRIVER | F4: Storm (พายุ) | G4: Cross-cutting (หลายสาขา) | H4: Forecast | I4: 3 days | J4: hPa | K4: Sub-daily | L4: National | M4: 3 km (Grid) | N4: PNG / Image | O4: Open | P4: https://hpc.tmd.go.th/imgda | Q4: เผยแพร่เป็นภาพเท่านั้น | R4: WRF model output, Domain 2 | S4: Website ส่วนพยากรณ์อากาศเชิงตัวเลข กองพยากรณ์อากาศ | T4: Website | U4: Open
A5: TMD_1_4 | B5: ความชื้นสัมพัทธ์ (RHUM) | C5: Forward-looking | D5: Climate Driver | E5: CLIMATE_DRIVER | F5: Drought (ภัยแล้ง); Wildfire (ไฟป่า) | G5: Cross-cutting (หลายสาขา) | H5: Forecast | I5: 3 days | J5: % | K5: Sub-daily | L5: National | M5: 3 km (Grid) | N5: PNG / Image | O5: Open | P5: https://hpc.tmd.go.th/imgda | Q5: เผยแพร่เป็นภาพเท่านั้น | R5: WRF model output, Domain 2 | S5: Website ส่วนพยากรณ์อากาศเชิงตัวเลข กองพยากรณ์อากาศ | T5: Website | U5: Open
A6: TMD_1_5 | B6: อุณหภูมิผิวพื้น ที่ระดับ 2 เมตร (T2M) | C6: Forward-looking | D6: Climate Driver | E6: CLIMATE_DRIVER | F6: Heat (คลื่นความร้อน); Drought (ภัยแล้ง) | G6: Cross-cutting (หลายสาขา) | H6: Forecast | I6: 3 days | J6: °C | K6: Sub-daily | L6: National | M6: 3 km (Grid) | N6: PNG / Image | O6: Open | P6: https://hpc.tmd.go.th/imgda | Q6: เผยแพร่เป็นภาพเท่านั้น | R6: WRF model output, Domain 2; T at 2m AGL | S6: Website ส่วนพยากรณ์อากาศเชิงตัวเลข กองพยากรณ์อากาศ | T6: Website | U6: Open
A7: TMD_1_6 | B7: ลมระดับ 10 เมตร (W10M) | C7: Forward-looking | D7: Climate Driver | E7: CLIMATE_DRIVER | F7: Storm (พายุ) | G7: Cross-cutting (หลายสาขา) | H7: Forecast | I7: 3 days | J7: m/s | K7: Sub-daily | L7: National | M7: 3 km (Grid) | N7: PNG / Image | O7: Open | P7: https://hpc.tmd.go.th/imgda | Q7: เผยแพร่เป็นภาพเท่านั้น | R7: WRF model output, Domain 2; wind at 10m AGL | S7: Website ส่วนพยากรณ์อากาศเชิงตัวเลข กองพยากรณ์อากาศ | T7: Website | U7: Open
A8: TMD_5_1 | B8: ดัชนีความร้อน (Heat index) — WebGIS DCCE | C8: Forward-looking | D8: Climate Driver | E8: CLIMATE_DRIVER | F8: Heat (คลื่นความร้อน) | G8: Public Health (สาธารณสุข) | H8: Historical | I8: Unknown | J8: °C | K8: Annual | L8: National | M8: - | N8: Shapefile / Vector; CSV; API / Web Service | O8: Restricted | P8: https://data.tmd.go.th/dataset/index.php | Q8: อยู่ระหว่างขอข้อมูล - ยังไม่ได้รับ | R8: ข้อมูลดัชนีความร้อนที่คำนวณจากอุณหภูมิและความชื้นสัมพัทธ์ เพื่อสะท้อนระดับความร้อนที่กระทบต่อสุขภาพ | จากรายการขอข้อมูล WebGIS DCCE 19/01/2026 (1_Data_WebGIS_DCCE_20260119.xlsx → sheet: TMD, ลำดับที่ 1) | S8: Website Open Data of TMD การให้บริการข้อมูลเปิดอุตุนิยมวิทยา | T8: Website | U8: Open
A9: TMD_4_1 | B9: เส้นทางพายุ — WebGIS DCCE (พายุหมุนเขตร้อน) | C9: Forward-looking | D9: Hazard | E9: HAZARDOUS_EVENT | F9: Storm (พายุ) | G9: DRR (การจัดการภัยพิบัติ) | H9: Historical | I9: Unknown | J9: - | K9: Annual | L9: National | M9: - | N9: Shapefile / Vector; CSV; API / Web Service | O9: Restricted | P9: https://www.tmd.go.th/climate/climateStat/TropicalCyclone | Q9: อยู่ระหว่างขอข้อมูล - ยังไม่ได้รับ | R9: ข้อมูลเส้นทางพายุหมุนเขตร้อนที่เคลื่อนผ่านประเทศไทย | จากรายการขอข้อมูล WebGIS DCCE 19/01/2026 (1_Data_WebGIS_DCCE_20260119.xlsx → sheet: TMD, ลำดับที่ 2) | S9: Website สถิติพายุหมุนเขตร้อน | T9: Website | U9: Open
A10: TMD_2_1 | B10: ดัชนีความร้อน (Heat index) — คำนวณ | C10: Forward-looking | D10: Hazard | E10: METEOROLOGICAL_OBSERVATION | F10: Heat (คลื่นความร้อน) | G10: Cross-cutting (หลายสาขา) | H10: Projected | I10: 2014-2019 | J10: - | K10: - | L10: National | M10: Province | N10: Image | O10: Open | P10: http://www.rnd.tmd.go.th/heatindexanalysis/ | Q10: - | R10: Heat index | S10: Website Heat Index Analysis การวิเคราะห์ค่าดัชนีความร้อน | T10: Website | U10: Open
A11: TMD_3_1 | B11: เส้นทางพายุ — ข้อมูลเหตุการณ์ภัย | C11: Forward-looking | D11: Hazard | E11: HAZARDOUS_EVENT | F11: Storm (พายุ) | G11: Cross-cutting (หลายสาขา) | H11: Historical | I11: - | J11: - | K11: - | L11: ทั้งประเทศ | M11: - | N11: GIS (Shapefile / GeoJSON) | O11: - | P11: https://www.tmd.go.th/storms | Q11: - | R11: ข้อมูลเหตุการณ์ภัย | S11: Website เส้นทางพายุ | T11: Website | U11: Open
A12: TMD_6_1 | B12: TXx - อุณหภูมิสูงสุดของอุณหภูมิสูงสุดรายวัน (Max Tmax) | C12: Forward-looking | D12: Climate Driver | E12: CLIMATE_DRIVER | F12: Heat (คลื่นความร้อน) | G12: Cross-cutting (หลายสาขา) | H12: Historical | I12: - | J12: °C | K12: Annual | L12: National | M12: Unknown | N12: Unknown | O12: Restricted | P12: - | Q12: เป็นข้อมูลภายในจากโครงการของ DCCE | R12: ดัชนีอุณหภูมิสุดขั้ว (Intensity): Warmest daily maximum temperature - ใช้ในการประมาณ Heat Intensity Index | S12: Report รายงานฉบับสมบูรณ์โครงการปรับปรุงระบบฐานข้อมูลความเสี่ยงเชิงพื้นที่จากการเปลี่ยนแปลงสภาพภูมิอากาศ | T12: Report | U12: Restricted
A13: TMD_6_2 | B13: TNx - อุณหภูมิสูงสุดของอุณหภูมิต่ำสุดรายวัน (Max Tmin) | C13: Forward-looking | D13: Climate Driver | E13: CLIMATE_DRIVER | F13: Heat (คลื่นความร้อน) | G13: Cross-cutting (หลายสาขา) | H13: Historical | I13: - | J13: °C | K13: Annual | L13: National | M13: Unknown | N13: Unknown | O13: Restricted | P13: - | Q13: เป็นข้อมูลภายในจากโครงการของ DCCE | R13: ดัชนีอุณหภูมิสุดขั้ว (Intensity): Warmest daily minimum temperature - ใช้ในการประมาณ Heat Intensity Index | S13: Report รายงานฉบับสมบูรณ์โครงการปรับปรุงระบบฐานข้อมูลความเสี่ยงเชิงพื้นที่จากการเปลี่ยนแปลงสภาพภูมิอากาศ | T13: Report | U13: Restricted
... A38: TMD_6_27 | B38: จำนวนสถานีตรวจวัดอากาศอัตโนมัติในพื้นที่ป่าต้นน้ำ | C38: Forward-looking | D38: Vulnerability | E38: ADAPTIVE_CAPACITY | F38: Flood (อุทกภัย) | G38: Natural Resources — ทรัพยากรธรรมชาติ | H38: Historical; Projected | I38: 1960-2014; 2015-2040; 2041-2060; 2061-2080; 2081-2100 | J38: - | K38: Annual | L38: National | M38: Province | N38: CSV | O38: Restricted | P38: - | Q38: - | R38: อาจมาจาก: กรมอุตุนิยมวิทยา / กรมอุทยานฯ (สถานีตรวจอากาศในป่าต้นน้ำ) | S38: Report รายงานฉบับสมบูรณ์โครงการปรับปรุงระบบฐานข้อมูลความเสี่ยงเชิงพื้นที่จากการเปลี่ยนแปลงสภาพภูมิอากาศ | T38: Report | U38: Restricted

Sheet MD
A1: รหัส Dataset ID | B1: ชื่อชุดข้อมูล (TH) Dataset Name (Thai) | C1: ขอบข่ายข้อมูล Domain | D1: ขอบข่ายข้อมูลย่อย Sub_Domain | E1: ชื่อประเภทข้อมูล Data_Entity | F1: ภัยที่เกี่ยวข้อง Related Hazards | G1: สาขา Sectors | H1: มิติด้านเวลา Temporal Dimension | I1: ช่วงเวลา Time Period | J1: หน่วย Unit | K1: ความละเอียดเชิงเวลา Temporal Resolution | L1: ขอบเขตเชิงพื้นที่ Spatial Scope | M1: ความละเอียดเชิงพื้นที่ Spatial Resolution | N1: รูปแบบไฟล์ Format | O1: ระดับการเข้าถึง Access_Level | P1: URL | Q1: ข้อจำกัด Limitations / Gaps | R1: หมายเหตุ Remarks | S1: ชื่อแหล่งที่มา Source_Name | T1: ประเภทแหล่งที่มา Source_Type | U1: ระดับการเข้าถึง Access_Level | V1: หมายเหตุ Remarks
A2: MD_1_2 | B2: ข้อมูลระดับน้ำทะเล | C2: Forward-looking | D2: Hazard | E2: METEOROLOGICAL_OBSERVATION | F2: Sea-level Rise (ระดับน้ำทะเลสูงขึ้น) | G2: Cross-cutting (หลายสาขา) | H2: Historical | I2: Up to 2026 | J2: ม. (เมตร) | K2: Annual | L2: National | M2: - | N2: Shapefile / Vector; CSV; API / Web Service | O2: Restricted | P2: http://hydro.md.go.th/ | Q2: - | R2: - | S2: Website กลุ่มอุทกวิทยา กรมเจ้าท่า | T2: Website | U2: Open | V2: -

Sheet DMCR
A1: รหัส Dataset ID | B1: ชื่อชุดข้อมูล (TH) Dataset Name (Thai) | C1: ขอบข่ายข้อมูล Domain | D1: ขอบข่ายข้อมูลย่อย Sub_Domain | E1: ชื่อประเภทข้อมูล Data_Entity | F1: ภัยที่เกี่ยวข้อง Related Hazards | G1: สาขา Sectors | H1: มิติด้านเวลา Temporal Dimension | I1: ช่วงเวลา Time Period | J1: หน่วย Unit | K1: ความละเอียดเชิงเวลา Temporal Resolution | L1: ขอบเขตเชิงพื้นที่ Spatial Scope | M1: ความละเอียดเชิงพื้นที่ Spatial Resolution | N1: รูปแบบไฟล์ Format | O1: ระดับการเข้าถึง Access_Level | P1: URL | Q1: ข้อจำกัด Limitations / Gaps | R1: หมายเหตุ Remarks | S1: ชื่อแหล่งที่มา Source_Name | T1: ประเภทแหล่งที่มา Source_Type | U1: ระดับการเข้าถึง Access_Level | V1: หมายเหตุ Remarks
A2: DMCR_1_1 | B2: พื้นที่กัดเซาะชายฝั่ง (WebGIS DCCE) | C2: Forward-looking | D2: Hazard | E2: HAZARD_MAP | F2: Coastal Erosion (กัดเซาะชายฝั่ง) | G2: Coastal (ชายฝั่ง) | H2: Historical | I2: Up to 2025 | J2: กม. / ตร.กม. | K2: Annual | L2: National | M2: - | N2: Shapefile / Vector; CSV; API / Web Service | O2: Restricted | P2: https://tcs.dmcr.go.th/dmcr/v2/router?page=dashboard | Q2: - | R2: ข้อมูลพื้นที่ชายฝั่งที่เกิดการกัดเซาะ การทับถม หรือการเปลี่ยนแปลงแนวชายฝั่ง | จากรายการขอข้อมูล WebGIS DCCE 19/01/2026 (1_Data_WebGIS_DCCE_20260119.xlsx → sheet: DMCR, ลำดับที่ 1) | S2: Website THAILAND COASTAL SPATIAL DATABASE SYSTEM ระบบฐานข้อมูลเชิงพื้นที่การเปลี่ยนแปลงพื้นที่ชายฝั่งทะเลไทย | T2: Website | U2: Restricted
A3: DMCR_2_1 | B3: ปะการังฟอกขาว | C3: IMPACT (Backward-looking) | D3: Loss & Damage | E3: LOSS_DAMAGE_RECORD | F3: Heat (คลื่นความร้อน); Sea-level Rise (ระดับน้ำทะเลสูงขึ้น) | G3: Coastal (ชายฝั่ง); Natural Resources (ทรัพยากรธรรมชาติ) | H3: Historical | I3: Up to 2025 | J3: ตร.กม. / % | K3: Annual | L3: National | M3: - | N3: Shapefile / Vector; CSV; API / Web Service | O3: Restricted | P3: https://thailandcoralbleaching.dmcr.go.th/th/home#coral-report-scroll | Q3: - | R3: ข้อมูลพื้นที่และระดับการเกิดปะการังฟอกขาว ใช้ติดตามผลกระทบจากอุณหภูมิน้ำทะเลที่สูงขึ้น | จากรายการขอข้อมูล WebGIS DCCE 19/01/2026 (1_Data_WebGIS_DCCE_20260119.xlsx → sheet: DMCR, ลำดับที่ 2) | S3: Website Project to develop a system for assessing coral bleaching โครงการพัฒนาระบบประเมินการเกิดปะการังฟอกขาว | T3: Website | U3: Restricted
A4: DMCR_3_1 | B4: แนวปะการัง | C4: Forward-looking | D4: Hazard | E4: ENVIRONMENT | F4: Cross-cutting (ทุกภัย) | G4: Coastal (ชายฝั่ง); Natural Resources (ทรัพยากรธรรมชาติ) | H4: Historical | I4: Up to 2025 | J4: ตร.กม. | K4: Annual | L4: National | M4: - | N4: Shapefile / Vector; API / Web Service | O4: Restricted | P4: https://marinemap.dmcr.go.th/ | Q4: - | R4: ข้อมูลขอบเขตและตำแหน่งของแนวปะการัง ใช้ประกอบการบริหารจัดการทรัพยากรชายฝั่ง | จากรายการขอข้อมูล WebGIS DCCE 19/01/2026 (1_Data_WebGIS_DCCE_20260119.xlsx → sheet: DMCR, ลำดับที่ 3) | S4: Website GEO-INFORMATICS DATA CENTER FOR MARINE AND COASTAL ศูนย์ข้อมูลภูมิสารสนเทศทางทะเลและชายฝั่ง | T4: Website | U4: Restricted
A5: DMCR_3_2 | B5: แนวป่าชายเลน | C5: Forward-looking | D5: Hazard | E5: ENVIRONMENT | F5: Coastal Erosion (กัดเซาะชายฝั่ง); Storm (พายุ) | G5: Coastal (ชายฝั่ง); Natural Resources (ทรัพยากรธรรมชาติ) | H5: Historical | I5: Up to 2025 | J5: ตร.กม. / ไร่ | K5: Annual | L5: National | M5: - | N5: Shapefile / Vector; API / Web Service | O5: Restricted | P5: https://marinemap.dmcr.go.th/ | Q5: - | R5: ข้อมูลขอบเขตป่าชายเลน ใช้ประกอบการประเมินศักยภาพการดูดซับคาร์บอนและการป้องกันแนวชายฝั่ง | จากรายการขอข้อมูล WebGIS DCCE 19/01/2026 (1_Data_WebGIS_DCCE_20260119.xlsx → sheet: DMCR, ลำดับที่ 4) | S5: Website GEO-INFORMATICS DATA CENTER FOR MARINE AND COASTAL ศูนย์ข้อมูลภูมิสารสนเทศทางทะเลและชายฝั่ง | T5: Website | U5: Restricted
A6: DMCR_4_1 | B6: พื้นที่กัดเซาะชายฝั่ง (DMCR ภาคสนาม) | C6: Forward-looking | D6: Hazard | E6: HAZARD_MAP | F6: Coastal Erosion (กัดเซาะชายฝั่ง) | G6: Cross-cutting (หลายสาขา) | H6: Historical | I6: - | J6: - | K6: - | L6: จังหวัดชายฝั่ง | M6: - | N6: GIS (Shapefile / GeoJSON) | O6: - | P6: https://tcs.dmcr.go.th/dmcr/v2/router?page=dashboard | Q6: - | R6: ข้อมูลพื้นที่ชายฝั่งที่เกิดการกัดเซาะหรือเปลี่ยนแปลงแนวชายฝั่ง | S6: Website THAILAND COASTAL SPATIAL DATABASE SYSTEM ระบบฐานข้อมูลเชิงพื้นที่การเปลี่ยนแปลงพื้นที่ชายฝั่งทะเลไทย | T6: Website | U6: Restricted
A7: DMCR_5_1 | B7: พื้นที่แหล่งปะการังในจังหวัด | C7: Forward-looking | D7: Vulnerability | E7: SENSITIVITY | F7: Heat (คลื่นความร้อน) | G7: Tourism — ท่องเที่ยว | H7: Historical; Projected | I7: 1960-2014; 2015-2040; 2041-2060; 2061-2080; 2081-2100 | J7: - | K7: Annual | L7: National | M7: Province | N7: CSV | O7: Restricted | P7: - | Q7: - | R7: อาจมาจาก: กรมทรัพยากรทางทะเลและชายฝั่ง (ทช.) - พื้นที่แนวปะการัง | S7: Report รายงานฉบับสมบูรณ์โครงการปรับปรุงระบบฐานข้อมูลความเสี่ยงเชิงพื้นที่จากการเปลี่ยนแปลงสภาพภูมิอากาศ | T7: Report | U7: Restricted

Sheet DMR
A1: รหัส Dataset ID | B1: ชื่อชุดข้อมูล (TH) Dataset Name (Thai) | C1: ขอบข่ายข้อมูล Domain | D1: ขอบข่ายข้อมูลย่อย Sub_Domain | E1: ชื่อประเภทข้อมูล Data_Entity | F1: ภัยที่เกี่ยวข้อง Related Hazards | G1: สาขา Sectors | H1: มิติด้านเวลา Temporal Dimension | I1: ช่วงเวลา Time Period | J1: หน่วย Unit | K1: ความละเอียดเชิงเวลา Temporal Resolution | L1: ขอบเขตเชิงพื้นที่ Spatial Scope | M1: ความละเอียดเชิงพื้นที่ Spatial Resolution | N1: รูปแบบไฟล์ Format | O1: ระดับการเข้าถึง Access_Level | P1: URL | Q1: ข้อจำกัด Limitations / Gaps | R1: หมายเหตุ Remarks | S1: ชื่อแหล่งที่มา Source_Name | T1: ประเภทแหล่งที่มา Source_Type | U1: ระดับการเข้าถึง Access_Level | V1: หมายเหตุ Remarks
A2: DMR_1_1 | B2: พื้นที่ได้รับผลกระทบจากแผ่นดินถล่มและน้ำป่าไหลหลาก | C2: Forward-looking | D2: Hazard | E2: HAZARD_MAP | F2: Landslide (ดินถล่ม) | G2: Cross-cutting (หลายสาขา) | H2: Historical | I2: 2024 | J2: - | K2: - | L2: ทั้งประเทศ | M2: - | N2: Shapefile; CSV | O2: - | P2: https://gdcatalog.go.th/dataset/gdpublish-debris_flood | Q2: - | R2: พื้นที่ที่ได้รับผลกระทบจริงจากดินถล่ม น้ำป่าไหลหลาก และน้ำท่วมฉับพลัน | S2: Website GD Catalog พื้นที่ได้รับผลกระทบจากแผ่นดินถล่มและน้ำป่าไหลหลาก | T2: Website | U2: Open | V2: ข้อมูลพื้นที่ที่ได้รับผลกระทบจริงจากเหตุแผ่นดินถล่ม น้ำป่าไหลหลาก และน้ำท่วมฉับพลัน | จากรายการขอข้อมูล WebGIS DCCE 19/01/2026 (1_Data_WebGIS_DCCE_20260119.xlsx → sheet: DMR, ลำดับที่ 1)
A3: DMR_2_1 | B3: พื้นที่เสี่ยงภัยดินถล่ม น้ำป่าไหลหลาก และน้ำท่วมฉับพลัน | C3: Forward-looking | D3: Hazard | E3: HAZARD_MAP | F3: Flood (อุทกภัย) | G3: Human Settlement — ตั้งถิ่นฐาน; Natural Resources — ทรัพยากรธรรมชาติ; Water — น้ำ | H3: Historical; Projected | I3: 1960-2014; 2015-2040; 2041-2060; 2061-2080; 2081-2100 | J3: ตร.กม. | K3: Annual | L3: National | M3: Province | N3: CSV | O3: Restricted | P3: - | Q3: - | R3: อาจมาจาก: กรมทรัพยากรธรณี / ปภ. (พื้นที่เสี่ยงดินถล่มและน้ำป่าไหลหลาก) | S3: Report รายงานฉบับสมบูรณ์โครงการปรับปรุงระบบฐานข้อมูลความเสี่ยงเชิงพื้นที่จากการเปลี่ยนแปลงสภาพภูมิอากาศ | T3: Report | U3: Restricted
A4: DMR_2_2 | B4: พื้นที่มีโอกาสเกิดดินถล่ม | C4: Forward-looking | D4: Hazard | E4: HAZARD_MAP | F4: Flood (อุทกภัย) | G4: Water — น้ำ | H4: Historical; Projected | I4: 1960-2014; 2015-2040; 2041-2060; 2061-2080; 2081-2100 | J4: ตร.กม. | K4: Annual | L4: National | M4: Province | N4: CSV | O4: Restricted | P4: - | Q4: - | R4: อาจมาจาก: กรมทรัพยากรธรณี / ปภ. (พื้นที่เสี่ยงดินถล่ม) | S4: Report รายงานฉบับสมบูรณ์โครงการปรับปรุงระบบฐานข้อมูลความเสี่ยงเชิงพื้นที่จากการเปลี่ยนแปลงสภาพภูมิอากาศ | T4: Report | U4: Restricted

Sheet DDPM
A1: รหัส Dataset ID | B1: ชื่อชุดข้อมูล (TH) Dataset Name (Thai) | C1: ขอบข่ายข้อมูล Domain | D1: ขอบข่ายข้อมูลย่อย Sub_Domain | E1: ชื่อประเภทข้อมูล Data_Entity | F1: ภัยที่เกี่ยวข้อง Related Hazards | G1: สาขา Sectors | H1: มิติด้านเวลา Temporal Dimension | I1: ช่วงเวลา Time Period | J1: หน่วย Unit | K1: ความละเอียดเชิงเวลา Temporal Resolution | L1: ขอบเขตเชิงพื้นที่ Spatial Scope | M1: ความละเอียดเชิงพื้นที่ Spatial Resolution | N1: รูปแบบไฟล์ Format | O1: ระดับการเข้าถึง Access_Level | P1: URL | Q1: ข้อจำกัด Limitations / Gaps | R1: หมายเหตุ Remarks | S1: ชื่อแหล่งที่มา Source_Name | T1: ประเภทแหล่งที่มา Source_Type | U1: ระดับการเข้าถึง Access_Level | V1: หมายเหตุ Remarks
A2: DDPM_1_1 | B2: แผนที่ความเสี่ยงอุทกภัย | C2: Forward-looking | D2: Hazard | E2: HAZARD_MAP | F2: Flood (อุทกภัย) | G2: DRR (การจัดการภัยพิบัติ) | H2: Historical | I2: 2016-2025 | J2: - | K2: Annual | L2: National | M2: - | N2: Shapefile / Vector; CSV; API / Web Service | O2: Restricted | P2: - | Q2: - | R2: ข้อมูลแผนที่แสดงระดับความเสี่ยงอุทกภัยในพื้นที่ | จากรายการขอข้อมูล WebGIS DCCE 19/01/2026 (1_Data_WebGIS_DCCE_20260119.xlsx → sheet: DDPM, ลำดับที่ 1) | U2: Restricted
A3: DDPM_2_1 | B3: ข้อมูลเหตุการณ์ภัยพิบัติย้อนหลัง 10 ปี (10-year historical disaster occurrence data) | C3: IMPACT (Backward-looking) | D3: Disaster Record | E3: DISASTER_RECORD | F3: Cross-cutting (ทุกภัย) | G3: Cross-cutting (หลายสาขา) | H3: Historical | I3: Unknown | J3: จำนวนเหตุการณ์; ความเสียหาย | K3: Event-based | L3: Mooban | M3: Mooban | N3: Database | O3: Restricted | P3: - | Q3: ข้อมูล one-way จาก อปท. → จังหวัด; ส่วนกลางไม่ ground-truth ได้; ขาด taxonomy ตาม UNDRR | R3: เริ่ม rollout เครื่องมือ GIS reporting | S3: ข้อมูลจากการสัมภาษณ์ | T3: Interview | U3: Restricted
A4: DDPM_2_2 | B4: ข้อมูลผลการประเมินความเสี่ยงด้านสภาพภูมิอากาศภาคเหนือ 17 จังหวัด (Northern Region Climate Risk Assessment) | C4: Forward-looking | D4: Risk Metric | E4: COMPOSITE_INDEX | F4: Flood (อุทกภัย); Landslide (ดินถล่ม) | G4: Cross-cutting (หลายสาขา) | H4: Projected | I4: Unknown | J4: - | K4: Annual | L4: Sub-national | M4: Sub-district | N4: PDF Report; Shapefile | O4: Restricted | P4: - | Q4: อยู่ระหว่างจัดซื้อจัดจ้าง คาดเสร็จกันยายน 2569 | R4: ใช้วิธี index-based 10-20 ตัวชี้วัด | S4: ข้อมูลจากการสัมภาษณ์ | T4: Interview | U4: Restricted
A5: DDPM_2_3 | B5: ข้อมูลความเสียหายของทรัพย์สิน (ถนน ปศุสัตว์ วัด ฯลฯ) ตามรายงานของ อปท. (LAO-reported damage counts) | C5: IMPACT (Backward-looking) | D5: Loss & Damage | E5: LOSS_DAMAGE_RECORD | F5: Flood (อุทกภัย); Storm (พายุ); Drought (ภัยแล้ง) | G5: Agriculture (เกษตร); Human Settlement (ตั้งถิ่นฐาน); Cross-cutting (หลายสาขา) | H5: Historical | I5: Unknown | J5: จำนวน; THB | K5: Event-based | L5: Mooban | M5: Mooban | N5: Database | O5: Restricted | P5: - | Q5: LAO ใส่ข้อมูลล่าช้าและไม่ตรงประเภท ต้องการเครื่องมือ AI ทำความสะอาด | R5: ผูกกับการเบิกจ่ายเงินเยียวยา | S5: ข้อมูลจากการสัมภาษณ์ | T5: Interview | U5: Restricted
A6: DDPM_3_1 | B6: พื้นที่ประสบภัยน้ำแล้งรุนแรง | C6: Forward-looking | D6: Hazard | E6: HAZARDOUS_EVENT | F6: Drought (ภัยแล้ง); Heat (คลื่นความร้อน) | G6: Human Settlement — ตั้งถิ่นฐาน; Water — น้ำ | H6: Historical; Projected | I6: 1960-2014; 2015-2040; 2041-2060; 2061-2080; 2081-2100 | J6: ตร.กม. | K6: Annual | L6: National | M6: Province | N6: CSV | O6: Restricted | P6: - | Q6: - | R6: อาจมาจาก: กรมป้องกันและบรรเทาสาธารณภัย (ปภ.); กรมพัฒนาที่ดิน (พื้นที่ประสบภัยแล้งรุนแรง) | S6: Report รายงานฉบับสมบูรณ์โครงการปรับปรุงระบบฐานข้อมูลความเสี่ยงเชิงพื้นที่จากการเปลี่ยนแปลงสภาพภูมิอากาศ | T6: Report | U6: Restricted
A7: DDPM_3_2 | B7: มูลค่าความเสียหายจากภัยแล้ง | C7: IMPACT (Backward-looking) | D7: Loss & Damage | E7: LOSS_DAMAGE_RECORD | F7: Drought (ภัยแล้ง) | G7: Agriculture — เกษตร; Human Settlement — ตั้งถิ่นฐาน; Tourism — ท่องเที่ยว; Water — น้ำ | H7: Historical; Projected | I7: 1960-2014; 2015-2040; 2041-2060; 2061-2080; 2081-2100 | J7: บาทต่อปี | K7: Annual | L7: National | M7: Province | N7: CSV | O7: Restricted | P7: - | Q7: - | R7: อาจมาจาก: กรมป้องกันและบรรเทาสาธารณภัย (ปภ.) - มูลค่าความเสียหายจากภัยพิบัติ | S7: Report รายงานฉบับสมบูรณ์โครงการปรับปรุงระบบฐานข้อมูลความเสี่ยงเชิงพื้นที่จากการเปลี่ยนแปลงสภาพภูมิอากาศ | T7: Report | U7: Restricted
A8: DDPM_3_3 | B8: พื้นที่ประสบภัยน้ำท่วมรุนแรง | C8: Forward-looking | D8: Hazard | E8: HAZARDOUS_EVENT | F8: Flood (อุทกภัย) | G8: Human Settlement — ตั้งถิ่นฐาน; Water — น้ำ | H8: Historical; Projected | I8: 1960-2014; 2015-2040; 2041-2060; 2061-2080; 2081-2100 | J8: ตร.กม. | K8: Annual | L8: National | M8: Province | N8: CSV | O8: Restricted | P8: - | Q8: - | R8: อาจมาจาก: ปภ. / กรมป้องกันและบรรเทาสาธารณภัย (พื้นที่ประสบภัยน้ำท่วมรุนแรง) | S8: Report รายงานฉบับสมบูรณ์โครงการปรับปรุงระบบฐานข้อมูลความเสี่ยงเชิงพื้นที่จากการเปลี่ยนแปลงสภาพภูมิอากาศ | T8: Report | U8: Restricted
A9: DDPM_3_4 | B9: สัดส่วนหมู่บ้านและชุมชนที่ประสบภัยแล้งรุนแรง | C9: IMPACT (Backward-looking) | D9: Loss & Damage | E9: LOSS_DAMAGE_RECORD | F9: Flood (อุทกภัย) | G9: Agriculture — เกษตร; Human Settlement — ตั้งถิ่นฐาน; Tourism — ท่องเที่ยว; Water — น้ำ | H9: Historical; Projected | I9: 1960-2014; 2015-2040; 2041-2060; 2061-2080; 2081-2100 | J9: บาทต่อปี | K9: Annual | L9: National | M9: Province | N9: CSV | O9: Restricted | P9: - | Q9: - | R9: อาจมาจาก: ปภ. (มูลค่าความเสียหายจากอุทกภัย) | S9: Report รายงานฉบับสมบูรณ์โครงการปรับปรุงระบบฐานข้อมูลความเสี่ยงเชิงพื้นที่จากการเปลี่ยนแปลงสภาพภูมิอากาศ | T9: Report | U9: Restricted
A10: DDPM_3_5 | B10: ระยะเวลาที่น้ำท่วมขัง ในเขตที่อยู่อาศัย | C10: IMPACT (Backward-looking) | D10: Loss & Damage | E10: LOSS_DAMAGE_RECORD | F10: Flood (อุทกภัย) | G10: Human Settlement — ตั้งถิ่นฐาน; Water — น้ำ | H10: Historical; Projected | I10: 1960-2014; 2015-2040; 2041-2060; 2061-2080; 2081-2100 | J10: ชั่วโมง | K10: Annual | L10: National | M10: Province | N10: CSV | O10: Restricted | P10: - | Q10: - | R10: อาจมาจาก: ปภ. / สสน. / กรมโยธาธิการและผังเมือง (ระยะเวลาน้ำท่วมขัง) | S10: Report รายงานฉบับสมบูรณ์โครงการปรับปรุงระบบฐานข้อมูลความเสี่ยงเชิงพื้นที่จากการเปลี่ยนแปลงสภาพภูมิอากาศ | T10: Report | U10: Restricted
A11: DDPM_3_6 | B11: ระดับความลึกของน้ำท่วม ในเขตที่อยู่อาศัย | C11: IMPACT (Backward-looking) | D11: Loss & Damage | E11: LOSS_DAMAGE_RECORD | F11: Flood (อุทกภัย) | G11: Human Settlement — ตั้งถิ่นฐาน; Water — น้ำ | H11: Historical; Projected | I11: 1960-2014; 2015-2040; 2041-2060; 2061-2080; 2081-2100 | J11: เมตร | K11: Annual | L11: National | M11: Province | N11: CSV | O11: Restricted | P11: - | Q11: - | R11: อาจมาจาก: ปภ. / สสน. / กรมโยธาธิการและผังเมือง (ระดับความลึกน้ำท่วม) | S11: Report รายงานฉบับสมบูรณ์โครงการปรับปรุงระบบฐานข้อมูลความเสี่ยงเชิงพื้นที่จากการเปลี่ยนแปลงสภาพภูมิอากาศ | T11: Report | U11: Restricted
A12: DDPM_3_7 | B12: สัดส่วนหมู่บ้านและชุมชนที่มีอุทกภัย/ดินโคลนถล่ม (รวม — ต่อหมู่บ้านทั้งหมด) | C12: IMPACT (Backward-looking) | D12: Loss & Damage | E12: LOSS_DAMAGE_RECORD | F12: Drought (ภัยแล้ง) | G12: Water — น้ำ | H12: Historical; Projected | I12: 1960-2014; 2015-2040; 2041-2060; 2061-2080; 2081-2100 | J12: ร้อยละ | K12: Annual | L12: National | M12: Province | N12: CSV | O12: Restricted | P12: - | Q12: - | R12: อาจมาจาก: ปภ. / กรมพัฒนาที่ดิน (สัดส่วนหมู่บ้านที่ประสบภัยแล้ง) | S12: Report รายงานฉบับสมบูรณ์โครงการปรับปรุงระบบฐานข้อมูลความเสี่ยงเชิงพื้นที่จากการเปลี่ยนแปลงสภาพภูมิอากาศ | T12: Report | U12: Restricted
A13: DDPM_3_8 | B13: สัดส่วนหมู่บ้านและชุมชนที่มีอุทกภัย ดินโคลนถล่มต่อหมู่บ้านทั้งหมด | C13: IMPACT (Backward-looking) | D13: Loss & Damage | E13: LOSS_DAMAGE_RECORD | F13: Flood (อุทกภัย) | G13: Water — น้ำ | H13: Historical; Projected | I13: 1960-2014; 2015-2040; 2041-2060; 2061-2080; 2081-2100 | J13: - | K13: Annual | L13: National | M13: Province | N13: CSV | O13: Restricted | P13: - | Q13: - | R13: อาจมาจาก: ปภ. (สัดส่วนหมู่บ้านที่มีอุทกภัย/ดินโคลนถล่ม) | S13: Report รายงานฉบับสมบูรณ์โครงการปรับปรุงระบบฐานข้อมูลความเสี่ยงเชิงพื้นที่จากการเปลี่ยนแปลงสภาพภูมิอากาศ | T13: Report | U13: Restricted
A14: DDPM_3_9 | B14: สัดส่วนหมู่บ้านที่ไม่มีการเตือนภัยและมาตรการช่วยเหลือต่อหมู่บ้านในพื้นที่น้ำท่วม | C14: Forward-looking | D14: Vulnerability | E14: SENSITIVITY | F14: Flood (อุทกภัย) | G14: Agriculture — เกษตร; Water — น้ำ | H14: Historical; Projected | I14: 1960-2014; 2015-2040; 2041-2060; 2061-2080; 2081-2100 | J14: แห่ง | K14: Annual | L14: National | M14: Province | N14: CSV | O14: Restricted | P14: - | Q14: - | R14: อาจมาจาก: ปภ. (สัดส่วนหมู่บ้านที่ไม่มีระบบเตือนภัย) | S14: Report รายงานฉบับสมบูรณ์โครงการปรับปรุงระบบฐานข้อมูลความเสี่ยงเชิงพื้นที่จากการเปลี่ยนแปลงสภาพภูมิอากาศ | T14: Report | U14: Restricted
... A16: DDPM_3_11 | B16: สัดส่วนหมู่บ้านและชุมชนที่มีอุทกภัย ดินโคลนถล่ม | C16: IMPACT (Backward-looking) | D16: Loss & Damage | E16: LOSS_DAMAGE_RECORD | F16: Flood (อุทกภัย) | G16: Public Health — สาธารณสุข; Tourism — ท่องเที่ยว | H16: Historical; Projected | I16: 1960-2014; 2015-2040; 2041-2060; 2061-2080; 2081-2100 | J16: ร้อยละ | K16: Annual | L16: National | M16: Province | N16: CSV | O16: Restricted | P16: - | Q16: - | R16: อาจมาจาก: ปภ. (สัดส่วนหมู่บ้านที่มีอุทกภัย/ดินโคลนถล่ม) | S16: Report รายงานฉบับสมบูรณ์โครงการปรับปรุงระบบฐานข้อมูลความเสี่ยงเชิงพื้นที่จากการเปลี่ยนแปลงสภาพภูมิอากาศ | T16: Report | U16: Restricted

Sheet LDD
A1: รหัส Dataset ID | B1: ชื่อชุดข้อมูล (TH) Dataset Name (Thai) | C1: ขอบข่ายข้อมูล Domain | D1: ขอบข่ายข้อมูลย่อย Sub_Domain | E1: ชื่อประเภทข้อมูล Data_Entity | F1: ภัยที่เกี่ยวข้อง Related Hazards | G1: สาขา Sectors | H1: มิติด้านเวลา Temporal Dimension | I1: ช่วงเวลา Time Period | J1: หน่วย Unit | K1: ความละเอียดเชิงเวลา Temporal Resolution | L1: ขอบเขตเชิงพื้นที่ Spatial Scope | M1: ความละเอียดเชิงพื้นที่ Spatial Resolution | N1: รูปแบบไฟล์ Format | O1: ระดับการเข้าถึง Access_Level | P1: URL | Q1: ข้อจำกัด Limitations / Gaps | R1: หมายเหตุ Remarks | S1: ชื่อแหล่งที่มา Source_Name | T1: ประเภทแหล่งที่มา Source_Type | U1: ระดับการเข้าถึง Access_Level | V1: หมายเหตุ Remarks
A2: LDD_1_1 | B2: พื้นที่น้ำท่วมซ้ำซาก | C2: Forward-looking | D2: Hazard | E2: HAZARD_MAP | F2: Flood (อุทกภัย) | G2: Agriculture (เกษตร); Water (น้ำ) | H2: Historical | I2: 2014-2019 | J2: ตร.กม. | K2: Annual | L2: National | M2: - | N2: Shapefile / Vector; API / Web Service | O2: Restricted | P2: http://sql.ldd.go.th/ldddata/mapsoilH2.html | Q2: - | R2: ข้อมูลพื้นที่ที่เกิดน้ำท่วมซ้ำซากอย่างต่อเนื่อง | จากรายการขอข้อมูล WebGIS DCCE 19/01/2026 (1_Data_WebGIS_DCCE_20260119.xlsx → sheet: LDD, ลำดับที่ 2) | S2: Website บัญชีรายการข้อมูลกรมพัฒนาที่ดิน | T2: Website | U2: Restricted
A3: LDD_1_2 | B3: สิ่งปกคลุมดิน | C3: Forward-looking | D3: Hazard | E3: ENVIRONMENT | F3: Cross-cutting (ทุกภัย) | G3: Cross-cutting (หลายสาขา) | H3: Historical | I3: 2006-2020 | J3: ตร.กม. | K3: Annual | L3: National | M3: - | N3: Shapefile / Vector; API / Web Service | O3: Restricted | P3: http://sql.ldd.go.th/ldddata/mapsoilB1.html | Q3: - | R3: ข้อมูลประเภทการใช้ที่ดินและสิ่งปกคลุมดิน (Land Use/Land Cover) | จากรายการขอข้อมูล WebGIS DCCE 19/01/2026 (1_Data_WebGIS_DCCE_20260119.xlsx → sheet: LDD, ลำดับที่ 3) | S3: Website บัญชีรายการข้อมูลกรมพัฒนาที่ดิน | T3: Website | U3: Restricted
A4: LDD_1_3 | B4: พื้นที่แล้งซ้ำซาก | C4: Forward-looking | D4: Hazard | E4: HAZARD_MAP | F4: Drought (ภัยแล้ง) | G4: Cross-cutting (หลายสาขา) | H4: Historical | I4: 2014-2019 | J4: ตร.กม. | K4: Annual | L4: National | M4: Tambon | N4: Shapefile / Vector | O4: Restricted | P4: http://sql.ldd.go.th/ldddata/mapsoilH3.html | Q4: - | R4: ข้อมูลพื้นที่แล้งซ้ำซากใช้ในการวางแผนการใช้ที่ดินและการป้องกันภัยจากธรรมชาติ | S4: Website บัญชีรายการข้อมูลกรมพัฒนาที่ดิน | T4: Website | U4: Restricted
A5: LDD_2_1 | B5: พื้นที่เสี่ยงภัยแล้งซ้ำซาก | C5: Forward-looking | D5: Hazard | E5: HAZARD_MAP | F5: Drought (ภัยแล้ง); Heat (คลื่นความร้อน) | G5: Human Settlement — ตั้งถิ่นฐาน | H5: Historical; Projected | I5: 1960-2014; 2015-2040; 2041-2060; 2061-2080; 2081-2100 | J5: ตร.กม. | K5: Annual | L5: National | M5: Province | N5: CSV | O5: Restricted | P5: - | Q5: - | R5: อาจมาจาก: กรมพัฒนาที่ดิน (พื้นที่เสี่ยงภัยแล้งซ้ำซาก); กรมป้องกันและบรรเทาสาธารณภัย (ปภ.) | S5: Report รายงานฉบับสมบูรณ์โครงการปรับปรุงระบบฐานข้อมูลความเสี่ยงเชิงพื้นที่จากการเปลี่ยนแปลงสภาพภูมิอากาศ | T5: Report | U5: Restricted
A6: LDD_2_2 | B6: พื้นที่โล่ง | C6: Forward-looking | D6: Exposure | E6: EXPOSED_ASSET | F6: Flood (อุทกภัย); Heat (คลื่นความร้อน) | G6: Human Settlement — ตั้งถิ่นฐาน | H6: Historical; Projected | I6: 1960-2014; 2015-2040; 2041-2060; 2061-2080; 2081-2100 | J6: ตร.กม. | K6: Annual | L6: National | M6: Province | N6: CSV | O6: Restricted | P6: - | Q6: - | R6: อาจมาจาก: กรมพัฒนาที่ดิน / กรมโยธาธิการและผังเมือง (พื้นที่โล่ง) | S6: Report รายงานฉบับสมบูรณ์โครงการปรับปรุงระบบฐานข้อมูลความเสี่ยงเชิงพื้นที่จากการเปลี่ยนแปลงสภาพภูมิอากาศ | T6: Report | U6: Restricted
A7: LDD_2_3 | B7: พื้นที่เกษตรกรรมในพื้นที่แล้งซ้ำซาก | C7: Forward-looking | D7: Exposure | E7: EXPOSED_ASSET | F7: Drought (ภัยแล้ง) | G7: Agriculture — เกษตร | H7: Historical; Projected | I7: 1960-2014; 2015-2040; 2041-2060; 2061-2080; 2081-2100 | J7: ตร.กม. | K7: Annual | L7: National | M7: Province | N7: CSV | O7: Restricted | P7: - | Q7: - | R7: อาจมาจาก: กรมพัฒนาที่ดิน / สำนักงานเศรษฐกิจการเกษตร (พื้นที่เกษตรในพื้นที่แล้งซ้ำซาก) | S7: Report รายงานฉบับสมบูรณ์โครงการปรับปรุงระบบฐานข้อมูลความเสี่ยงเชิงพื้นที่จากการเปลี่ยนแปลงสภาพภูมิอากาศ | T7: Report | U7: Restricted
A8: LDD_2_4 | B8: ความลาดชัน | C8: Forward-looking | D8: Vulnerability | E8: SENSITIVITY | F8: Drought (ภัยแล้ง); Flood (อุทกภัย) | G8: Agriculture — เกษตร | H8: Historical; Projected | I8: 1960-2014; 2015-2040; 2041-2060; 2061-2080; 2081-2100 | J8: - | K8: Annual | L8: National | M8: Province | N8: CSV | O8: Restricted | P8: - | Q8: - | R8: อาจมาจาก: กรมพัฒนาที่ดิน / GISTDA (ความลาดชัน) | S8: Report รายงานฉบับสมบูรณ์โครงการปรับปรุงระบบฐานข้อมูลความเสี่ยงเชิงพื้นที่จากการเปลี่ยนแปลงสภาพภูมิอากาศ | T8: Report | U8: Restricted
A9: LDD_2_5 | B9: ระดับความลึกของดิน | C9: Forward-looking | D9: Vulnerability | E9: SENSITIVITY | F9: Drought (ภัยแล้ง); Flood (อุทกภัย); Heat (คลื่นความร้อน) | G9: Agriculture — เกษตร | H9: Historical; Projected | I9: 1960-2014; 2015-2040; 2041-2060; 2061-2080; 2081-2100 | J9: ซม. | K9: Annual | L9: National | M9: Province | N9: CSV | O9: Restricted | P9: - | Q9: - | R9: อาจมาจาก: กรมพัฒนาที่ดิน (ระดับความลึกของดิน) | S9: Report รายงานฉบับสมบูรณ์โครงการปรับปรุงระบบฐานข้อมูลความเสี่ยงเชิงพื้นที่จากการเปลี่ยนแปลงสภาพภูมิอากาศ | T9: Report | U9: Restricted
A10: LDD_2_6 | B10: ความสามารถในการกักเก็บน้ำของดิน | C10: Forward-looking | D10: Vulnerability | E10: SENSITIVITY | F10: Drought (ภัยแล้ง); Flood (อุทกภัย); Heat (คลื่นความร้อน) | G10: Agriculture — เกษตร | H10: Historical; Projected | I10: 1960-2014; 2015-2040; 2041-2060; 2061-2080; 2081-2100 | J10: mm water / m soil | K10: Annual | L10: National | M10: Province | N10: CSV | O10: Restricted | P10: - | Q10: - | R10: อาจมาจาก: กรมพัฒนาที่ดิน (ความสามารถในการกักเก็บน้ำของดิน) | S10: Report รายงานฉบับสมบูรณ์โครงการปรับปรุงระบบฐานข้อมูลความเสี่ยงเชิงพื้นที่จากการเปลี่ยนแปลงสภาพภูมิอากาศ | T10: Report | U10: Restricted
A11: LDD_2_7 | B11: พื้นที่เสี่ยงภัยแล้ง | C11: Forward-looking | D11: Hazard | E11: HAZARD_MAP | F11: Drought (ภัยแล้ง) | G11: Natural Resources — ทรัพยากรธรรมชาติ | H11: Historical; Projected | I11: 1960-2014; 2015-2040; 2041-2060; 2061-2080; 2081-2100 | J11: - | K11: Annual | L11: National | M11: Province | N11: CSV | O11: Restricted | P11: - | Q11: - | R11: อาจมาจาก: กรมพัฒนาที่ดิน / ปภ. (พื้นที่เสี่ยงภัยแล้ง) | S11: Report รายงานฉบับสมบูรณ์โครงการปรับปรุงระบบฐานข้อมูลความเสี่ยงเชิงพื้นที่จากการเปลี่ยนแปลงสภาพภูมิอากาศ | T11: Report | U11: Restricted

Sheet HII
A1: รหัส Dataset ID | B1: ชื่อชุดข้อมูล (TH) Dataset Name (Thai) | C1: ขอบข่ายข้อมูล Domain | D1: ขอบข่ายข้อมูลย่อย Sub_Domain | E1: ชื่อประเภทข้อมูล Data_Entity | F1: ภัยที่เกี่ยวข้อง Related Hazards | G1: สาขา Sectors | H1: มิติด้านเวลา Temporal Dimension | I1: ช่วงเวลา Time Period | J1: หน่วย Unit | K1: ความละเอียดเชิงเวลา Temporal Resolution | L1: ขอบเขตเชิงพื้นที่ Spatial Scope | M1: ความละเอียดเชิงพื้นที่ Spatial Resolution | N1: รูปแบบไฟล์ Format | O1: ระดับการเข้าถึง Access_Level | P1: URL | Q1: ข้อจำกัด Limitations / Gaps | R1: หมายเหตุ Remarks | S1: ชื่อแหล่งที่มา Source_Name | T1: ประเภทแหล่งที่มา Source_Type | U1: ระดับการเข้าถึง Access_Level | V1: หมายเหตุ Remarks
A2: HII_1_1 | B2: พื้นที่เสี่ยงภัยแล้ง | C2: Forward-looking | D2: Hazard | E2: HAZARD_MAP | F2: Drought (ภัยแล้ง) | G2: Water (น้ำ); Agriculture (เกษตร) | H2: Historical | I2: 2024-2026 | J2: ระดับความเสี่ยง (1-5) | K2: Annual | L2: National | M2: Tambon | N2: PDF | O2: Open | P2: https://data.hii.or.th/th/dataset/drought-risk-area/resource/1cd84954-8df7-4bbd-a13e-2c6fd92e5a95 | Q2: - | R2: ข้อมูลพื้นที่เสี่ยงภัยแล้งที่ได้จากการประเมินด้วยดัชนี Drought Risk Index (DRI) | จากรายการขอข้อมูล WebGIS DCCE 19/01/2026 (1_Data_WebGIS_DCCE_20260119.xlsx → sheet: HII, ลำดับที่ 1) | S2: Website | T2: Website | U2: Open
A3: HII_2_1 | B3: ค่าความเครียดของน้ำ | C3: Forward-looking | D3: Exposure | E3: EXPOSED_ASSET | F3: Drought (ภัยแล้ง); Heat (คลื่นความร้อน) | G3: Human Settlement — ตั้งถิ่นฐาน; Natural Resources — ทรัพยากรธรรมชาติ; Public Health — สาธารณสุข; Tourism — ท่องเที่ยว; Water — น้ำ | H3: Historical; Projected | I3: 1960-2014; 2015-2040; 2041-2060; 2061-2080; 2081-2100 | J3: - | K3: Annual | L3: National | M3: Province | N3: CSV | O3: Restricted | P3: - | Q3: - | R3: อาจมาจาก: สถาบันสารสนเทศทรัพยากรน้ำ (สสน.) / กรมทรัพยากรน้ำ (ดัชนีความเครียดของน้ำ) | S3: Report รายงานฉบับสมบูรณ์โครงการปรับปรุงระบบฐานข้อมูลความเสี่ยงเชิงพื้นที่จากการเปลี่ยนแปลงสภาพภูมิอากาศ | T3: Report | U3: Restricted
A4: HII_2_2 | B4: เครือข่ายการจัดน้ำชุมชนของ สสน. | C4: Forward-looking | D4: Vulnerability | E4: ADAPTIVE_CAPACITY | F4: Drought (ภัยแล้ง) | G4: Water — น้ำ | H4: Historical; Projected | I4: 1960-2014; 2015-2040; 2041-2060; 2061-2080; 2081-2100 | J4: - | K4: Annual | L4: National | M4: Province | N4: CSV | O4: Restricted | P4: - | Q4: - | R4: ระบุชัดเจน: สถาบันสารสนเทศทรัพยากรน้ำ (สสน.) - เครือข่ายการจัดการน้ำชุมชน; กรมทรัพยากรน้ำ - โครงการเกษตรของรัฐ | S4: Report รายงานฉบับสมบูรณ์โครงการปรับปรุงระบบฐานข้อมูลความเสี่ยงเชิงพื้นที่จากการเปลี่ยนแปลงสภาพภูมิอากาศ | T4: Report | U4: Restricted

Sheet DOT
A1: รหัส Dataset ID | B1: ชื่อชุดข้อมูล (TH) Dataset Name (Thai) | C1: ขอบข่ายข้อมูล Domain | D1: ขอบข่ายข้อมูลย่อย Sub_Domain | E1: ชื่อประเภทข้อมูล Data_Entity | F1: ภัยที่เกี่ยวข้อง Related Hazards | G1: สาขา Sectors | H1: มิติด้านเวลา Temporal Dimension | I1: ช่วงเวลา Time Period | J1: หน่วย Unit | K1: ความละเอียดเชิงเวลา Temporal Resolution | L1: ขอบเขตเชิงพื้นที่ Spatial Scope | M1: ความละเอียดเชิงพื้นที่ Spatial Resolution | N1: รูปแบบไฟล์ Format | O1: ระดับการเข้าถึง Access_Level | P1: URL | Q1: ข้อจำกัด Limitations / Gaps | R1: หมายเหตุ Remarks | S1: ชื่อแหล่งที่มา Source_Name | T1: ประเภทแหล่งที่มา Source_Type | U1: ระดับการเข้าถึง Access_Level | V1: หมายเหตุ Remarks
A2: DOT_1_1 | B2: จำนวนที่พัก (โรงแรม รีสอร์ต ฯลฯ) — กรมการท่องเที่ยว/ททท. | C2: Forward-looking | D2: Exposure | E2: EXPOSED_ASSET | F2: Cross-cutting (ทุกภัย) | G2: Tourism (ท่องเที่ยว) | H2: Historical | I2: Up to 2025 | J2: จำนวนแหล่ง | K2: Annual | L2: National | M2: Point | N2: Shapefile / Vector; API / Web Service | O2: Restricted | P2: https://www.dot.go.th/pages/140 | R2: ข้อมูลตำแหน่งและขอบเขตของแหล่งท่องเที่ยวธรรมชาติ วัฒนธรรม ชุมชน นิเวศ และนันทนาการ | จากรายการขอข้อมูล WebGIS DCCE 19/01/2026 (1_Data_WebGIS_DCCE_20260119.xlsx → sheet: DOT, ลำดับที่ 1) | U2: Restricted
A3: DOT_2_1 | B3: จำนวนที่พัก (โรงแรม รีสอร์ต ฯลฯ) | C3: Forward-looking | D3: Exposure | E3: EXPOSED_ASSET | F3: Drought (ภัยแล้ง); Flood (อุทกภัย) | G3: Tourism — ท่องเที่ยว | H3: Historical; Projected | I3: 1960-2014; 2015-2040; 2041-2060; 2061-2080; 2081-2100 | J3: - | K3: Annual | L3: National | M3: Point | N3: CSV | O3: Restricted | P3: - | Q3: - | R3: อาจมาจาก: กรมการท่องเที่ยว / การท่องเที่ยวแห่งประเทศไทย (ททท.) (ที่พัก/โรงแรม) | S3: Report รายงานฉบับสมบูรณ์โครงการปรับปรุงระบบฐานข้อมูลความเสี่ยงเชิงพื้นที่จากการเปลี่ยนแปลงสภาพภูมิอากาศ | T3: Report | U3: Restricted
A4: DOT_2_2 | B4: จำนวนแหล่งท่องเที่ยวประเภทน้ำตก | C4: Forward-looking | D4: Exposure | E4: EXPOSED_ASSET | F4: Drought (ภัยแล้ง); Flood (อุทกภัย) | G4: Tourism — ท่องเที่ยว | H4: Historical; Projected | I4: 1960-2014; 2015-2040; 2041-2060; 2061-2080; 2081-2100 | J4: แห่ง | K4: Annual | L4: National | M4: Point | N4: CSV | O4: Restricted | P4: - | Q4: - | R4: อาจมาจาก: กรมการท่องเที่ยว / กรมอุทยานฯ (แหล่งท่องเที่ยวประเภทน้ำตก) | S4: Report รายงานฉบับสมบูรณ์โครงการปรับปรุงระบบฐานข้อมูลความเสี่ยงเชิงพื้นที่จากการเปลี่ยนแปลงสภาพภูมิอากาศ | T4: Report | U4: Restricted
A5: DOT_2_3 | B5: จำนวนแหล่งท่องเที่ยวประเภททะเล ชายฝั่ง และเกาะ | C5: Forward-looking | D5: Exposure | E5: EXPOSED_ASSET | F5: Drought (ภัยแล้ง); Flood (อุทกภัย); Heat (คลื่นความร้อน) | G5: Tourism — ท่องเที่ยว | H5: Historical; Projected | I5: 1960-2014; 2015-2040; 2041-2060; 2061-2080; 2081-2100 | J5: - | K5: Annual | L5: National | M5: Point | N5: CSV | O5: Restricted | P5: - | Q5: - | R5: อาจมาจาก: กรมการท่องเที่ยว / กรมทรัพยากรทางทะเลและชายฝั่ง (ทช.) (แหล่งท่องเที่ยวทะเล/ชายฝั่ง) | S5: Report รายงานฉบับสมบูรณ์โครงการปรับปรุงระบบฐานข้อมูลความเสี่ยงเชิงพื้นที่จากการเปลี่ยนแปลงสภาพภูมิอากาศ | T5: Report | U5: Restricted
A6: DOT_2_4 | B6: แหล่งท่องเที่ยวที่มีความเสื่อมโทรม | C6: Forward-looking | D6: Vulnerability | E6: SENSITIVITY | F6: Flood (อุทกภัย) | G6: Tourism — ท่องเที่ยว | H6: Historical; Projected | I6: 1960-2014; 2015-2040; 2041-2060; 2061-2080; 2081-2100 | J6: - | K6: Annual | L6: National | M6: Point | N6: CSV | O6: Restricted | P6: - | Q6: - | R6: อาจมาจาก: กรมการท่องเที่ยว / สผ. (แหล่งท่องเที่ยวเสื่อมโทรม) | S6: Report รายงานฉบับสมบูรณ์โครงการปรับปรุงระบบฐานข้อมูลความเสี่ยงเชิงพื้นที่จากการเปลี่ยนแปลงสภาพภูมิอากาศ | T6: Report | U6: Restricted
A7: DOT_2_5 | B7: จำนวนที่พักแรม (โรงแรม รีสอร์ต ฯลฯ) — ทะเบียนที่พักแรม | C7: Forward-looking | D7: Exposure | E7: EXPOSED_ASSET | F7: Heat (คลื่นความร้อน) | G7: Tourism — ท่องเที่ยว | H7: Historical; Projected | I7: 1960-2014; 2015-2040; 2041-2060; 2061-2080; 2081-2100 | J7: - | K7: Annual | L7: National | M7: Point | N7: CSV | O7: Restricted | P7: - | Q7: - | R7: อาจมาจาก: กรมการท่องเที่ยว / กรมทรัพยากรธรณี (แหล่งท่องเที่ยวภูเขา/ธรณีสัณฐาน) | S7: Report รายงานฉบับสมบูรณ์โครงการปรับปรุงระบบฐานข้อมูลความเสี่ยงเชิงพื้นที่จากการเปลี่ยนแปลงสภาพภูมิอากาศ | T7: Report | U7: Restricted
A8: DOT_2_6 | B8: จำนวนที่พักแรม (โรงแรม รีสอร์ต ฯลฯ) | C8: Forward-looking | D8: Exposure | E8: EXPOSED_ASSET | F8: Heat (คลื่นความร้อน) | G8: Tourism — ท่องเที่ยว | H8: Historical; Projected | I8: 1960-2014; 2015-2040; 2041-2060; 2061-2080; 2081-2100 | J8: - | K8: Annual | L8: National | M8: Point | N8: CSV | O8: Restricted | P8: - | Q8: - | R8: อาจมาจาก: กรมการท่องเที่ยว / ททท. (จำนวนที่พักแรม) | S8: Report รายงานฉบับสมบูรณ์โครงการปรับปรุงระบบฐานข้อมูลความเสี่ยงเชิงพื้นที่จากการเปลี่ยนแปลงสภาพภูมิอากาศ | T8: Report | U8: Restricted
A9: DOT_2_7 | B9: จำนวนนักท่องเที่ยวกลุ่มสูงอายุ | C9: Forward-looking | D9: Vulnerability | E9: SENSITIVITY | F9: Heat (คลื่นความร้อน) | G9: Tourism — ท่องเที่ยว | H9: Historical; Projected | I9: 1960-2014; 2015-2040; 2041-2060; 2061-2080; 2081-2100 | J9: - | K9: Annual | L9: National | M9: Point | N9: CSV | O9: Restricted | P9: - | Q9: - | R9: อาจมาจาก: กรมการท่องเที่ยว / ททท. (สถิตินักท่องเที่ยว/นักท่องเที่ยวสูงอายุ) | S9: Report รายงานฉบับสมบูรณ์โครงการปรับปรุงระบบฐานข้อมูลความเสี่ยงเชิงพื้นที่จากการเปลี่ยนแปลงสภาพภูมิอากาศ | T9: Report | U9: Restricted
A10: DOT_2_8 | B10: จำนวนแหล่งท่องเที่ยวประเภทที่มนุษย์สร้างขึ้นที่เป็นแหล่งท่องเที่ยวในร่ม เช่น ห้างสรรพสินค้า พิพิธภัณฑ์ ฯลฯ | C10: Forward-looking | D10: Vulnerability | E10: ADAPTIVE_CAPACITY | F10: Heat (คลื่นความร้อน) | G10: Tourism — ท่องเที่ยว | H10: Historical; Projected | I10: 1960-2014; 2015-2040; 2041-2060; 2061-2080; 2081-2100 | J10: - | K10: Annual | L10: National | M10: Point | N10: CSV | O10: Restricted | P10: - | Q10: - | R10: อาจมาจาก: กรมการท่องเที่ยว / ททท. (แหล่งท่องเที่ยวในร่ม/มนุษย์สร้าง) | S10: Report รายงานฉบับสมบูรณ์โครงการปรับปรุงระบบฐานข้อมูลความเสี่ยงเชิงพื้นที่จากการเปลี่ยนแปลงสภาพภูมิอากาศ | T10: Report | U10: Restricted

Sheet DOPA
A1: รหัส Dataset ID | B1: ชื่อชุดข้อมูล (TH) Dataset Name (Thai) | C1: ขอบข่ายข้อมูล Domain | D1: ขอบข่ายข้อมูลย่อย Sub_Domain | E1: ชื่อประเภทข้อมูล Data_Entity | F1: ภัยที่เกี่ยวข้อง Related Hazards | G1: สาขา Sectors | H1: มิติด้านเวลา Temporal Dimension | I1: ช่วงเวลา Time Period | J1: หน่วย Unit | K1: ความละเอียดเชิงเวลา Temporal Resolution | L1: ขอบเขตเชิงพื้นที่ Spatial Scope | M1: ความละเอียดเชิงพื้นที่ Spatial Resolution | N1: รูปแบบไฟล์ Format | O1: ระดับการเข้าถึง Access_Level | P1: URL | Q1: ข้อจำกัด Limitations / Gaps | R1: หมายเหตุ Remarks | S1: ชื่อแหล่งที่มา Source_Name | T1: ประเภทแหล่งที่มา Source_Type | U1: ระดับการเข้าถึง Access_Level | V1: หมายเหตุ Remarks
A2: DOPA_1_1 | B2: จำนวนประชากร | C2: Forward-looking | D2: Exposure | E2: EXPOSED_ASSET | F2: Cross-cutting (ทุกภัย) | G2: Human Settlement (ตั้งถิ่นฐาน) | H2: Historical | I2: 1993-2025 | J2: คน | K2: Annual | L2: National | M2: Mooban | N2: CSV | O2: Restricted | P2: https://stat.bora.dopa.go.th/new_stat/webPage/statByAge.php | S2: Website กรมการปกครอง | T2: Website | U2: Restricted
A3: DOPA_1_2 | B3: จุดหมู่บ้าน | C3: Forward-looking | D3: Exposure | E3: EXPOSED_ASSET | F3: Cross-cutting (ทุกภัย) | G3: Human Settlement (ตั้งถิ่นฐาน) | H3: Historical | I3: - | J3: - | K3: Annual | L3: National | M3: Mooban | N3: Shapefile | O3: Restricted | P3: https://www.dopa.go.th/ | R3: ข้อมูลตำแหน่งหมู่บ้าน/ชุมชน ใช้ประกอบการวิเคราะห์เชิงพื้นที่และการเข้าถึงบริการ | จากรายการขอข้อมูล WebGIS DCCE 19/01/2026 (1_Data_WebGIS_DCCE_20260119.xlsx → sheet: DOPA, ลำดับที่ 2) | S3: Website กรมการปกครอง | T3: Website | U3: Restricted
A4: DOPA_1_3 | B4: ขอบเขตการปกครอง | C4: Spatial Unit | D4: Spatial Unit | E4: SPATIAL_UNIT | F4: Cross-cutting (ทุกภัย) | G4: Cross-cutting (หลายสาขา) | H4: Historical | I4: Unknown | J4: - | K4: - | L4: National | M4: Tambon | N4: GeoJSON | O4: Restricted | P4: https://www.dopa.go.th/ | S4: Website กรมการปกครอง | T4: Website | U4: Restricted
A5: DOPA_2_1 | B5: จำนวนครัวเรือนในขอบเขตเทศบาล | C5: Forward-looking | D5: Vulnerability | E5: SENSITIVITY | F5: Drought (ภัยแล้ง); Flood (อุทกภัย); Heat (คลื่นความร้อน) | G5: Human Settlement — ตั้งถิ่นฐาน | H5: Historical; Projected | I5: 1960-2014; 2015-2040; 2041-2060; 2061-2080; 2081-2100 | J5: ครัวเรือน | K5: Annual | L5: National | M5: Province | N5: CSV | O5: Restricted | P5: - | Q5: - | R5: อาจมาจาก: กรมการปกครอง / สำนักงานสถิติแห่งชาติ | S5: Report รายงานฉบับสมบูรณ์โครงการปรับปรุงระบบฐานข้อมูลความเสี่ยงเชิงพื้นที่จากการเปลี่ยนแปลงสภาพภูมิอากาศ | T5: Report | U5: Restricted

Sheet DOH
A1: รหัส Dataset ID | B1: ชื่อชุดข้อมูล (TH) Dataset Name (Thai) | C1: ขอบข่ายข้อมูล Domain | D1: ขอบข่ายข้อมูลย่อย Sub_Domain | E1: ชื่อประเภทข้อมูล Data_Entity | F1: ภัยที่เกี่ยวข้อง Related Hazards | G1: สาขา Sectors | H1: มิติด้านเวลา Temporal Dimension | I1: ช่วงเวลา Time Period | J1: หน่วย Unit | K1: ความละเอียดเชิงเวลา Temporal Resolution | L1: ขอบเขตเชิงพื้นที่ Spatial Scope | M1: ความละเอียดเชิงพื้นที่ Spatial Resolution | N1: รูปแบบไฟล์ Format | O1: ระดับการเข้าถึง Access_Level | P1: URL | Q1: ข้อจำกัด Limitations / Gaps | R1: หมายเหตุ Remarks | S1: ชื่อแหล่งที่มา Source_Name | T1: ประเภทแหล่งที่มา Source_Type | U1: ระดับการเข้าถึง Access_Level | V1: หมายเหตุ Remarks
A2: DOH_1_1 | B2: ถนนหลวง ถนนสายหลัก และทางหลวงพิเศษ | C2: Forward-looking | D2: Exposure | E2: EXPOSED_ASSET | F2: Cross-cutting (ทุกภัย) | G2: Transport (คมนาคม) | H2: Historical | I2: Up to 2025 | J2: กม. | K2: Annual | L2: National | M2: - | N2: Shapefile / Vector; API / Web Service | O2: Restricted | P2: https://hris.doh.go.th/highway | Q2: - | R2: ข้อมูลแนวเส้นถนนหลวง ถนนสายหลัก และทางหลวงพิเศษ | จากรายการขอข้อมูล WebGIS DCCE 19/01/2026 (1_Data_WebGIS_DCCE_20260119.xlsx → sheet: DOH, ลำดับที่ 1) | U2: Open
A3: DOH_2_1 | B3: ความยาวถนนในพื้นที่น้ำท่วมซ้ำซาก | C3: Forward-looking | D3: Exposure | E3: EXPOSED_ASSET | F3: Flood (อุทกภัย) | G3: Human Settlement — ตั้งถิ่นฐาน; Water — น้ำ | H3: Historical; Projected | I3: 1960-2014; 2015-2040; 2041-2060; 2061-2080; 2081-2100 | J3: กม. | K3: Annual | L3: National | M3: Province | N3: CSV | O3: Restricted | P3: - | Q3: - | R3: อาจมาจาก: กรมทางหลวง / กรมทางหลวงชนบท ร่วมกับ GISTDA (ความยาวถนนในพื้นที่น้ำท่วม) | S3: Report รายงานฉบับสมบูรณ์โครงการปรับปรุงระบบฐานข้อมูลความเสี่ยงเชิงพื้นที่จากการเปลี่ยนแปลงสภาพภูมิอากาศ | T3: Report | U3: Restricted
A4: DOH_2_2 | B4: โครงสร้างพื้นฐานด้านคมนาคมขนส่ง | C4: Forward-looking | D4: Exposure | E4: EXPOSED_ASSET | F4: Flood (อุทกภัย) | G4: Human Settlement — ตั้งถิ่นฐาน | H4: Historical; Projected | I4: 1960-2014; 2015-2040; 2041-2060; 2061-2080; 2081-2100 | J4: - | K4: Annual | L4: National | M4: Province | N4: CSV | O4: Restricted | P4: - | Q4: - | R4: อาจมาจาก: กรมทางหลวง / กรมทางหลวงชนบท / สำนักงานนโยบายและแผนการขนส่งและจราจร (สนข.) | S4: Report รายงานฉบับสมบูรณ์โครงการปรับปรุงระบบฐานข้อมูลความเสี่ยงเชิงพื้นที่จากการเปลี่ยนแปลงสภาพภูมิอากาศ | T4: Report | U4: Restricted
A5: DOH_2_3 | B5: โครงสร้างพื้นฐานบริเวณแหล่งท่องเที่ยว เช่น ถนน ฯลฯ | C5: Forward-looking | D5: Exposure | E5: EXPOSED_ASSET | F5: Flood (อุทกภัย) | G5: Tourism — ท่องเที่ยว | H5: Historical; Projected | I5: 1960-2014; 2015-2040; 2041-2060; 2061-2080; 2081-2100 | J5: - | K5: Annual | L5: National | M5: Province | N5: CSV | O5: Restricted | P5: - | Q5: - | R5: อาจมาจาก: กรมทางหลวง / กรมทางหลวงชนบท / กรมการท่องเที่ยว (โครงสร้างพื้นฐานท่องเที่ยว) | S5: Report รายงานฉบับสมบูรณ์โครงการปรับปรุงระบบฐานข้อมูลความเสี่ยงเชิงพื้นที่จากการเปลี่ยนแปลงสภาพภูมิอากาศ | T5: Report | U5: Restricted

Sheet FAD
A1: รหัส Dataset ID | B1: ชื่อชุดข้อมูล (TH) Dataset Name (Thai) | C1: ขอบข่ายข้อมูล Domain | D1: ขอบข่ายข้อมูลย่อย Sub_Domain | E1: ชื่อประเภทข้อมูล Data_Entity | F1: ภัยที่เกี่ยวข้อง Related Hazards | G1: สาขา Sectors | H1: มิติด้านเวลา Temporal Dimension | I1: ช่วงเวลา Time Period | J1: หน่วย Unit | K1: ความละเอียดเชิงเวลา Temporal Resolution | L1: ขอบเขตเชิงพื้นที่ Spatial Scope | M1: ความละเอียดเชิงพื้นที่ Spatial Resolution | N1: รูปแบบไฟล์ Format | O1: ระดับการเข้าถึง Access_Level | P1: URL | Q1: ข้อจำกัด Limitations / Gaps | R1: หมายเหตุ Remarks | S1: ชื่อแหล่งที่มา Source_Name | T1: ประเภทแหล่งที่มา Source_Type | U1: ระดับการเข้าถึง Access_Level | V1: หมายเหตุ Remarks
A2: FAD_1_1 | B2: แหล่งโบราณสถาน | C2: Forward-looking | D2: Exposure | E2: EXPOSED_ASSET | F2: Cross-cutting (ทุกภัย) | G2: Tourism (ท่องเที่ยว) | H2: Historical | I2: Up to 2025 | J2: จำนวนแหล่ง | K2: Annual | L2: National | M2: Point | N2: API | O2: Restricted | P2: https://gdcatalog.go.th/dataset/gdpublish-gis-fad001 | Q2: - | R2: ข้อมูลตำแหน่งและขอบเขตของแหล่งโบราณสถานในความรับผิดชอบของกรมศิลปากร | จากรายการขอข้อมูล WebGIS DCCE 19/01/2026 (1_Data_WebGIS_DCCE_20260119.xlsx → sheet: FAD, ลำดับที่ 1) | S2: Website ข้อมูลบัญชีตำแหน่งโบราณสถาน | T2: Website | U2: Open
A3: FAD_2_1 | B3: พื้นที่ที่ถูกประกาศเขตเมืองเก่า/อนุรักษ์ | C3: Forward-looking | D3: Exposure | E3: EXPOSED_ASSET | F3: Flood (อุทกภัย) | G3: Human Settlement — ตั้งถิ่นฐาน | H3: Historical; Projected | I3: 1960-2014; 2015-2040; 2041-2060; 2061-2080; 2081-2100 | J3: - | K3: Annual | L3: National | M3: Province | N3: CSV | O3: Restricted | P3: - | Q3: - | R3: อาจมาจาก: กรมศิลปากร / สำนักงานนโยบายและแผนทรัพยากรธรรมชาติและสิ่งแวดล้อม (สผ.) (เขตเมืองเก่า/อนุรักษ์) | S3: Report รายงานฉบับสมบูรณ์โครงการปรับปรุงระบบฐานข้อมูลความเสี่ยงเชิงพื้นที่จากการเปลี่ยนแปลงสภาพภูมิอากาศ | T3: Report | U3: Restricted
A4: FAD_2_2 | B4: จำนวนแหล่งท่องเที่ยวประเภทโบราณสถาน ประวัติศาสตร์ ฯลฯ | C4: Forward-looking | D4: Exposure | E4: EXPOSED_ASSET | F4: Flood (อุทกภัย) | G4: Tourism — ท่องเที่ยว | H4: Historical; Projected | I4: 1960-2014; 2015-2040; 2041-2060; 2061-2080; 2081-2100 | J4: - | K4: Annual | L4: National | M4: Point | N4: CSV | O4: Restricted | P4: - | Q4: - | R4: อาจมาจาก: กรมศิลปากร / กรมการท่องเที่ยว (โบราณสถาน/แหล่งประวัติศาสตร์) | S4: Report รายงานฉบับสมบูรณ์โครงการปรับปรุงระบบฐานข้อมูลความเสี่ยงเชิงพื้นที่จากการเปลี่ยนแปลงสภาพภูมิอากาศ | T4: Report | U4: Restricted

Sheet DOHealth
A1: รหัส Dataset ID | B1: ชื่อชุดข้อมูล (TH) Dataset Name (Thai) | C1: ขอบข่ายข้อมูล Domain | D1: ขอบข่ายข้อมูลย่อย Sub_Domain | E1: ชื่อประเภทข้อมูล Data_Entity | F1: ภัยที่เกี่ยวข้อง Related Hazards | G1: สาขา Sectors | H1: มิติด้านเวลา Temporal Dimension | I1: ช่วงเวลา Time Period | J1: หน่วย Unit | K1: ความละเอียดเชิงเวลา Temporal Resolution | L1: ขอบเขตเชิงพื้นที่ Spatial Scope | M1: ความละเอียดเชิงพื้นที่ Spatial Resolution | N1: รูปแบบไฟล์ Format | O1: ระดับการเข้าถึง Access_Level | P1: URL | Q1: ข้อจำกัด Limitations / Gaps | R1: หมายเหตุ Remarks | S1: ชื่อแหล่งที่มา Source_Name | T1: ประเภทแหล่งที่มา Source_Type | U1: ระดับการเข้าถึง Access_Level | V1: หมายเหตุ Remarks
A2: DOHealth_1_1 | B2: จุดที่ตั้งโรงพยาบาล ศูนย์สุขภาพประจำตำบล (รพ.สต.) | C2: Forward-looking | D2: Exposure | E2: EXPOSED_ASSET | F2: Cross-cutting (ทุกภัย) | G2: Public Health (สาธารณสุข) | H2: Historical | I2: 2025 หรือล่าสุด | J2: จำนวนแห่ง | K2: Annual | L2: National | M2: Point | N2: Shapefile / Vector; API / Web Service | O2: Restricted | P2: https://gis-health.moph.go.th/ | Q2: - | R2: ข้อมูลตำแหน่งที่ตั้งของโรงพยาบาลและศูนย์สุขภาพประจำตำบล (รพ.สต.) | จากรายการขอข้อมูล WebGIS DCCE 19/01/2026 (1_Data_WebGIS_DCCE_20260119.xlsx → sheet: DOHealth, ลำดับที่ 1) | S2: Websiteระบบสารสนเทศภูมิศาสตร์ทรัพยากรสุขภาพ(GIS Health) | T2: Website | U2: Open
A3: DOHealth_1_2 | B3: สถิติผู้ป่วยจากโรคที่เกี่ยวกับการเปลี่ยนแปลงสภาพภูมิอากาศ | C3: IMPACT (Backward-looking) | D3: Loss & Damage | E3: LOSS_DAMAGE_RECORD | F3: Heat (คลื่นความร้อน); Cross-cutting (ทุกภัย) | G3: Public Health (สาธารณสุข) | H3: Historical | I3: 2025 หรือล่าสุด | J3: คน / ราย | K3: Annual | L3: National | M3: - | O3: Restricted | P3: - | Q3: อยู่ระหว่างขอข้อมูล - ยังไม่ได้รับ | R3: สถิติจำนวนผู้ป่วยจากโรคที่สัมพันธ์กับการเปลี่ยนแปลงสภาพภูมิอากาศ (เช่น โรคจากความร้อน โรคที่มียุงเป็นพาหะ) | จากรายการขอข้อมูล WebGIS DCCE 19/01/2026 (1_Data_WebGIS_DCCE_20260119.xlsx → sheet: DOHealth, ลำดับที่ 2) | S3: Websiteระบบสารสนเทศภูมิศาสตร์ทรัพยากรสุขภาพ(GIS Health) | T3: Website | U3: Restricted
A4: DOHealth_2_1 | B4: อัตราป่วยด้วยโรคความดัน เบาหวาน หลอดเลือดหัวใจต่อประชากรแสนคน | C4: Forward-looking | D4: Vulnerability | E4: SENSITIVITY | F4: Drought (ภัยแล้ง); Flood (อุทกภัย); Heat (คลื่นความร้อน) | G4: Public Health — สาธารณสุข | H4: Historical; Projected | I4: 1960-2014; 2015-2040; 2041-2060; 2061-2080; 2081-2100 | J4: คน | K4: Annual | L4: National | M4: Province | N4: CSV | O4: Restricted | P4: - | Q4: - | R4: ระบุชัดเจน: กรมอนามัย - รายงานสถานการณ์ผลกระทบจากความร้อน; กระทรวงสาธารณสุข (NCDs) | S4: Report รายงานฉบับสมบูรณ์โครงการปรับปรุงระบบฐานข้อมูลความเสี่ยงเชิงพื้นที่จากการเปลี่ยนแปลงสภาพภูมิอากาศ | T4: Report | U4: Restricted

Sheet CDD
A1: รหัส Dataset ID | B1: ชื่อชุดข้อมูล (TH) Dataset Name (Thai) | C1: ขอบข่ายข้อมูล Domain | D1: ขอบข่ายข้อมูลย่อย Sub_Domain | E1: ชื่อประเภทข้อมูล Data_Entity | F1: ภัยที่เกี่ยวข้อง Related Hazards | G1: สาขา Sectors | H1: มิติด้านเวลา Temporal Dimension | I1: ช่วงเวลา Time Period | J1: หน่วย Unit | K1: ความละเอียดเชิงเวลา Temporal Resolution | L1: ขอบเขตเชิงพื้นที่ Spatial Scope | M1: ความละเอียดเชิงพื้นที่ Spatial Resolution | N1: รูปแบบไฟล์ Format | O1: ระดับการเข้าถึง Access_Level | P1: URL | Q1: ข้อจำกัด Limitations / Gaps | R1: หมายเหตุ Remarks | S1: ชื่อแหล่งที่มา Source_Name | T1: ประเภทแหล่งที่มา Source_Type | U1: ระดับการเข้าถึง Access_Level | V1: หมายเหตุ Remarks
A2: CDD_1_1 | B2: จำนวนครัวเรือนกลุ่มเปราะบาง | C2: Forward-looking | D2: Vulnerability | E2: SENSITIVITY | F2: Cross-cutting (ทุกภัย) | G2: Human Settlement (ตั้งถิ่นฐาน) | H2: Historical | I2: 2025 หรือล่าสุด | J2: ครัวเรือน | K2: Annual | L2: National | M2: Mooban | N2: Shapefile / Vector; CSV; API / Web Service | O2: Restricted | P2: https://dashboard66.cdd.go.th/Home/DashBoardPublic | R2: ข้อมูลจำนวนและการกระจายตัวของครัวเรือนกลุ่มเปราะบาง (ยากจน ผู้สูงอายุ ผู้พิการ ฯลฯ) | จากรายการขอข้อมูล WebGIS DCCE 19/01/2026 (1_Data_WebGIS_DCCE_20260119.xlsx → sheet: CDD, ลำดับที่ 1) | S2: Website dashboard66 CDD | T2: Website | U2: Open

Sheet OBEC
A1: รหัส Dataset ID | B1: ชื่อชุดข้อมูล (TH) Dataset Name (Thai) | C1: ขอบข่ายข้อมูล Domain | D1: ขอบข่ายข้อมูลย่อย Sub_Domain | E1: ชื่อประเภทข้อมูล Data_Entity | F1: ภัยที่เกี่ยวข้อง Related Hazards | G1: สาขา Sectors | H1: มิติด้านเวลา Temporal Dimension | I1: ช่วงเวลา Time Period | J1: หน่วย Unit | K1: ความละเอียดเชิงเวลา Temporal Resolution | L1: ขอบเขตเชิงพื้นที่ Spatial Scope | M1: ความละเอียดเชิงพื้นที่ Spatial Resolution | N1: รูปแบบไฟล์ Format | O1: ระดับการเข้าถึง Access_Level | P1: URL | Q1: ข้อจำกัด Limitations / Gaps | R1: หมายเหตุ Remarks | S1: ชื่อแหล่งที่มา Source_Name | T1: ประเภทแหล่งที่มา Source_Type | U1: ระดับการเข้าถึง Access_Level | V1: หมายเหตุ Remarks
A2: OBEC_1_1 | B2: ข้อมูลตำแหน่งที่ตั้งและขอบเขตของสถานศึกษาในสังกัด สพฐ. | C2: Forward-looking | D2: Exposure | E2: EXPOSED_ASSET | F2: Cross-cutting (ทุกภัย) | G2: Human Settlement (ตั้งถิ่นฐาน) | H2: Historical | I2: 2025 หรือล่าสุด | J2: จำนวนโรงเรียน | K2: Annual | L2: National | M2: - | N2: Shapefile / Vector; CSV; API / Web Service | O2: Restricted | P2: https://asset.bopp-obec.info/ | Q2: - | R2: ข้อมูลตำแหน่งที่ตั้งและขอบเขตของสถานศึกษาในสังกัด สพฐ. | จากรายการขอข้อมูล WebGIS DCCE 19/01/2026 (1_Data_WebGIS_DCCE_20260119.xlsx → sheet: OBEC, ลำดับที่ 1) | S2: Website OBEC | T2: Website | U2: Open

Sheet MHESI
A1: รหัส Dataset ID | B1: ชื่อชุดข้อมูล (TH) Dataset Name (Thai) | C1: ขอบข่ายข้อมูล Domain | D1: ขอบข่ายข้อมูลย่อย Sub_Domain | E1: ชื่อประเภทข้อมูล Data_Entity | F1: ภัยที่เกี่ยวข้อง Related Hazards | G1: สาขา Sectors | H1: มิติด้านเวลา Temporal Dimension | I1: ช่วงเวลา Time Period | J1: หน่วย Unit | K1: ความละเอียดเชิงเวลา Temporal Resolution | L1: ขอบเขตเชิงพื้นที่ Spatial Scope | M1: ความละเอียดเชิงพื้นที่ Spatial Resolution | N1: รูปแบบไฟล์ Format | O1: ระดับการเข้าถึง Access_Level | P1: URL | Q1: ข้อจำกัด Limitations / Gaps | R1: หมายเหตุ Remarks | S1: ชื่อแหล่งที่มา Source_Name | T1: ประเภทแหล่งที่มา Source_Type | U1: ระดับการเข้าถึง Access_Level | V1: หมายเหตุ Remarks
A2: MHESI_1_1 | B2: ข้อมูลตำแหน่งที่ตั้งและขอบเขตของสถาบันอุดมศึกษา | C2: Forward-looking | D2: Exposure | E2: EXPOSED_ASSET | F2: Cross-cutting (ทุกภัย) | G2: Human Settlement (ตั้งถิ่นฐาน) | H2: Historical | I2: 2025 หรือล่าสุด | J2: จำนวนแห่ง | K2: Annual | L2: National | M2: - | N2: Shapefile / Vector; CSV; API / Web Service | O2: Restricted | P2: https://info.mhesi.go.th/homestat_academy.php | Q2: - | R2: ข้อมูลตำแหน่งที่ตั้งและขอบเขตของสถาบันอุดมศึกษา | จากรายการขอข้อมูล WebGIS DCCE 19/01/2026 (1_Data_WebGIS_DCCE_20260119.xlsx → sheet: MHESI, ลำดับที่ 1) | S2: Website ข้อมูลสถาบันอุดมศึกษา | T2: Website | U2: Open

Sheet IEAT
A1: รหัส Dataset ID | B1: ชื่อชุดข้อมูล (TH) Dataset Name (Thai) | C1: ขอบข่ายข้อมูล Domain | D1: ขอบข่ายข้อมูลย่อย Sub_Domain | E1: ชื่อประเภทข้อมูล Data_Entity | F1: ภัยที่เกี่ยวข้อง Related Hazards | G1: สาขา Sectors | H1: มิติด้านเวลา Temporal Dimension | I1: ช่วงเวลา Time Period | J1: หน่วย Unit | K1: ความละเอียดเชิงเวลา Temporal Resolution | L1: ขอบเขตเชิงพื้นที่ Spatial Scope | M1: ความละเอียดเชิงพื้นที่ Spatial Resolution | N1: รูปแบบไฟล์ Format | O1: ระดับการเข้าถึง Access_Level | P1: URL | Q1: ข้อจำกัด Limitations / Gaps | R1: หมายเหตุ Remarks | S1: ชื่อแหล่งที่มา Source_Name | T1: ประเภทแหล่งที่มา Source_Type | U1: ระดับการเข้าถึง Access_Level | V1: หมายเหตุ Remarks
A2: IEAT_1_1 | B2: เขตนิคมอุตสาหกรรม | C2: Forward-looking | D2: Exposure | E2: EXPOSED_ASSET | F2: Cross-cutting (ทุกภัย) | G2: Human Settlement (ตั้งถิ่นฐาน); Energy (พลังงาน) | H2: Historical | I2: Up to 2025 | J2: ตร.กม. / ไร่ | K2: Annual | L2: National | M2: - | N2: Shapefile / Vector; CSV; API / Web Service | O2: Restricted | P2: https://www.ieat.go.th/web-upload/1xff0d34e409a13ef56eea54c52a291126/202205/m_document/8190/16421/file_download/2f763a7ceb431ec89442d39c616529f8.pdf | Q2: - | R2: ข้อมูลตำแหน่งที่ตั้งและขอบเขตของเขตนิคมอุตสาหกรรม | จากรายการขอข้อมูล WebGIS DCCE 19/01/2026 (1_Data_WebGIS_DCCE_20260119.xlsx → sheet: IEAT, ลำดับที่ 1) | S2: Report แผนที่ตั้งนิคมอุตสาหกรรม 66 แห่ง ใน 16 จังหวัด | T2: Report | U2: Open

Sheet MWA
A1: รหัส Dataset ID | B1: ชื่อชุดข้อมูล (TH) Dataset Name (Thai) | C1: ขอบข่ายข้อมูล Domain | D1: ขอบข่ายข้อมูลย่อย Sub_Domain | E1: ชื่อประเภทข้อมูล Data_Entity | F1: ภัยที่เกี่ยวข้อง Related Hazards | G1: สาขา Sectors | H1: มิติด้านเวลา Temporal Dimension | I1: ช่วงเวลา Time Period | J1: หน่วย Unit | K1: ความละเอียดเชิงเวลา Temporal Resolution | L1: ขอบเขตเชิงพื้นที่ Spatial Scope | M1: ความละเอียดเชิงพื้นที่ Spatial Resolution | N1: รูปแบบไฟล์ Format | O1: ระดับการเข้าถึง Access_Level | P1: URL | Q1: ข้อจำกัด Limitations / Gaps | R1: หมายเหตุ Remarks | S1: ชื่อแหล่งที่มา Source_Name | T1: ประเภทแหล่งที่มา Source_Type | U1: ระดับการเข้าถึง Access_Level | V1: หมายเหตุ Remarks
A2: MWA_1_1 | B2: ข้อมูลตำแหน่งที่ตั้งและขอบเขตของโรงประปานครหลวง | C2: Forward-looking | D2: Exposure | E2: EXPOSED_ASSET | F2: Cross-cutting (ทุกภัย) | G2: Water (น้ำ) | H2: Historical | I2: Up to 2025 | J2: จำนวนแห่ง | K2: Annual | L2: National | M2: Point | N2: Shapefile / Vector; CSV | O2: Restricted | P2: https://gisonline.mwa.co.th/fvt_gis/ | Q2: - | R2: ข้อมูลตำแหน่งที่ตั้งและขอบเขตของโรงประปานครหลวง | จากรายการขอข้อมูล WebGIS DCCE 19/01/2026 (1_Data_WebGIS_DCCE_20260119.xlsx → sheet: MWA, ลำดับที่ 1) | S2: Website | T2: Website | U2: Open

Sheet PWA
A1: รหัส Dataset ID | B1: ชื่อชุดข้อมูล (TH) Dataset Name (Thai) | C1: ขอบข่ายข้อมูล Domain | D1: ขอบข่ายข้อมูลย่อย Sub_Domain | E1: ชื่อประเภทข้อมูล Data_Entity | F1: ภัยที่เกี่ยวข้อง Related Hazards | G1: สาขา Sectors | H1: มิติด้านเวลา Temporal Dimension | I1: ช่วงเวลา Time Period | J1: หน่วย Unit | K1: ความละเอียดเชิงเวลา Temporal Resolution | L1: ขอบเขตเชิงพื้นที่ Spatial Scope | M1: ความละเอียดเชิงพื้นที่ Spatial Resolution | N1: รูปแบบไฟล์ Format | O1: ระดับการเข้าถึง Access_Level | P1: URL | Q1: ข้อจำกัด Limitations / Gaps | R1: หมายเหตุ Remarks | S1: ชื่อแหล่งที่มา Source_Name | T1: ประเภทแหล่งที่มา Source_Type | U1: ระดับการเข้าถึง Access_Level | V1: หมายเหตุ Remarks
A2: PWA_1_1 | B2: ข้อมูลตำแหน่งที่ตั้งและขอบเขตของโรงประปาส่วนภูมิภาค | C2: Forward-looking | D2: Exposure | E2: EXPOSED_ASSET | F2: Cross-cutting (ทุกภัย) | G2: Water (น้ำ) | H2: Historical | I2: 2025 หรือล่าสุด | J2: จำนวนแห่ง | K2: Annual | L2: National | M2: Point | N2: Shapefile / Vector; CSV; API / Web Service | O2: Restricted | P2: https://gisapp.pwa.co.th/p/home | R2: ข้อมูลตำแหน่งที่ตั้งและขอบเขตของโรงประปาส่วนภูมิภาค | จากรายการขอข้อมูล WebGIS DCCE 19/01/2026 (1_Data_WebGIS_DCCE_20260119.xlsx → sheet: PWA, ลำดับที่ 1) | S2: Website ระบบนำเข้าข้อมูล GIS ออนไลน์ การประปาส่วนภูมิภาค | T2: Website | U2: Open
A3: PWA_2_1 | B3: ปริมาณน้ำใช้อุปโภคบริโภคและอุตสาหกรรม | C3: Forward-looking | D3: Exposure | E3: EXPOSED_ASSET | F3: Drought (ภัยแล้ง); Heat (คลื่นความร้อน) | G3: Human Settlement — ตั้งถิ่นฐาน | H3: Historical; Projected | I3: 1960-2014; 2015-2040; 2041-2060; 2061-2080; 2081-2100 | J3: ล้านลบ.ม. | K3: Annual | L3: National | M3: Province | N3: CSV | O3: Restricted | P3: - | Q3: - | R3: อาจมาจาก: การประปาส่วนภูมิภาค (กปภ.) / การประปานครหลวง (กปน.); กรมโรงงานอุตสาหกรรม | S3: Report รายงานฉบับสมบูรณ์โครงการปรับปรุงระบบฐานข้อมูลความเสี่ยงเชิงพื้นที่จากการเปลี่ยนแปลงสภาพภูมิอากาศ | T3: Report | U3: Restricted
A4: PWA_2_2 | B4: เขตการให้บริการน้ำประปาส่วนภูมิภาค | C4: Forward-looking | D4: Exposure | E4: EXPOSED_ASSET | F4: Drought (ภัยแล้ง); Heat (คลื่นความร้อน) | G4: Human Settlement — ตั้งถิ่นฐาน | H4: Historical; Projected | I4: 1960-2014; 2015-2040; 2041-2060; 2061-2080; 2081-2100 | J4: - | K4: Annual | L4: National | M4: Province | N4: CSV | O4: Restricted | P4: - | Q4: - | R4: อาจมาจาก: การประปาส่วนภูมิภาค (กปภ.) | S4: Report รายงานฉบับสมบูรณ์โครงการปรับปรุงระบบฐานข้อมูลความเสี่ยงเชิงพื้นที่จากการเปลี่ยนแปลงสภาพภูมิอากาศ | T4: Report | U4: Restricted
A5: PWA_2_3 | B5: โครงสร้างพื้นฐานด้านประปา | C5: Forward-looking | D5: Exposure | E5: EXPOSED_ASSET | F5: Flood (อุทกภัย) | G5: Human Settlement — ตั้งถิ่นฐาน | H5: Historical; Projected | I5: 1960-2014; 2015-2040; 2041-2060; 2061-2080; 2081-2100 | J5: - | K5: Annual | L5: National | M5: Province | N5: CSV | O5: Restricted | P5: - | Q5: - | R5: อาจมาจาก: การประปาส่วนภูมิภาค (กปภ.) / การประปานครหลวง (กปน.) | S5: Report รายงานฉบับสมบูรณ์โครงการปรับปรุงระบบฐานข้อมูลความเสี่ยงเชิงพื้นที่จากการเปลี่ยนแปลงสภาพภูมิอากาศ | T5: Report | U5: Restricted
A6: PWA_2_4 | B6: สัดส่วนของหมู่บ้านหรือพื้นที่ให้บริการน้ำประปาต่อหมู่บ้านทั้งหมด | C6: Forward-looking | D6: Vulnerability | E6: SENSITIVITY | F6: Drought (ภัยแล้ง); Flood (อุทกภัย); Heat (คลื่นความร้อน) | G6: Tourism — ท่องเที่ยว; Water — น้ำ | H6: Historical; Projected | I6: 1960-2014; 2015-2040; 2041-2060; 2061-2080; 2081-2100 | J6: - | K6: Annual | L6: National | M6: Province | N6: CSV | O6: Restricted | P6: - | Q6: - | R6: อาจมาจาก: การประปาส่วนภูมิภาค (กปภ.) / กรมส่งเสริมการปกครองท้องถิ่น (สัดส่วนหมู่บ้านมีน้ำประปา) | S6: Report รายงานฉบับสมบูรณ์โครงการปรับปรุงระบบฐานข้อมูลความเสี่ยงเชิงพื้นที่จากการเปลี่ยนแปลงสภาพภูมิอากาศ | T6: Report | U6: Restricted

Sheet SRT
A1: รหัส Dataset ID | B1: ชื่อชุดข้อมูล (TH) Dataset Name (Thai) | C1: ขอบข่ายข้อมูล Domain | D1: ขอบข่ายข้อมูลย่อย Sub_Domain | E1: ชื่อประเภทข้อมูล Data_Entity | F1: ภัยที่เกี่ยวข้อง Related Hazards | G1: สาขา Sectors | H1: มิติด้านเวลา Temporal Dimension | I1: ช่วงเวลา Time Period | J1: หน่วย Unit | K1: ความละเอียดเชิงเวลา Temporal Resolution | L1: ขอบเขตเชิงพื้นที่ Spatial Scope | M1: ความละเอียดเชิงพื้นที่ Spatial Resolution | N1: รูปแบบไฟล์ Format | O1: ระดับการเข้าถึง Access_Level | P1: URL | Q1: ข้อจำกัด Limitations / Gaps | R1: หมายเหตุ Remarks | S1: ชื่อแหล่งที่มา Source_Name | T1: ประเภทแหล่งที่มา Source_Type | U1: ระดับการเข้าถึง Access_Level | V1: หมายเหตุ Remarks
A2: SRT_1_1 | B2: แนวเส้นทางรถไฟ | C2: Forward-looking | D2: Exposure | E2: EXPOSED_ASSET | F2: Cross-cutting (ทุกภัย) | G2: Human Settlement (ตั้งถิ่นฐาน) | H2: Historical | I2: Unknown | J2: - | K2: Unknown | L2: National | M2: - | N2: Shapefile | O2: Restricted | P2: https://www.railway.co.th/Home/Index | Q2: - | R2: ข้อมูลแนวเส้นและตำแหน่งของทางรถไฟ | จากรายการขอข้อมูล WebGIS DCCE 19/01/2026 (1_Data_WebGIS_DCCE_20260119.xlsx → sheet: SRT, ลำดับที่ 1) | S2: Website การรถไฟแห่งประเทศไทย | T2: Website | U2: Open

Sheet NSO
A1: รหัส Dataset ID | B1: ชื่อชุดข้อมูล (TH) Dataset Name (Thai) | C1: ขอบข่ายข้อมูล Domain | D1: ขอบข่ายข้อมูลย่อย Sub_Domain | E1: ชื่อประเภทข้อมูล Data_Entity | F1: ภัยที่เกี่ยวข้อง Related Hazards | G1: สาขา Sectors | H1: มิติด้านเวลา Temporal Dimension | I1: ช่วงเวลา Time Period | J1: หน่วย Unit | K1: ความละเอียดเชิงเวลา Temporal Resolution | L1: ขอบเขตเชิงพื้นที่ Spatial Scope | M1: ความละเอียดเชิงพื้นที่ Spatial Resolution | N1: รูปแบบไฟล์ Format | O1: ระดับการเข้าถึง Access_Level | P1: URL | Q1: ข้อจำกัด Limitations / Gaps | R1: หมายเหตุ Remarks | S1: ชื่อแหล่งที่มา Source_Name | T1: ประเภทแหล่งที่มา Source_Type | U1: ระดับการเข้าถึง Access_Level | V1: หมายเหตุ Remarks
A2: NSO_1_1 | B2: จำนวนครัวเรือนทั้งหมด — WebGIS DCCE (รายจังหวัด) | C2: Forward-looking | D2: Exposure | E2: EXPOSED_ASSET | F2: Cross-cutting (ทุกภัย) | G2: Human Settlement (ตั้งถิ่นฐาน) | H2: Historical | I2: Up to 2025 | J2: ครัวเรือน | K2: Annual | L2: National | M2: Province | N2: CSV | O2: Open | P2: https://nsodw.nso.go.th/dwportal/Home.aspx | Q2: - | R2: ข้อมูลจำนวนครัวเรือนทั้งหมดในแต่ละจังหวัด | จากรายการขอข้อมูล WebGIS DCCE 19/01/2026 (1_Data_WebGIS_DCCE_20260119.xlsx → sheet: NSO, ลำดับที่ 1) | S2: Website ระบบคลังข้อมูลสถิติ | T2: Website | U2: Open
A3: NSO_1_2 | B3: สำมะโนประชากรและเคหะ (Population and Housing Census) | C3: IMPACT (Backward-looking) | D3: Exposure | E3: EXPOSED_ASSET | F3: Cross-cutting (ทุกภัย) | G3: Human Settlement (ตั้งถิ่นฐาน); Cross-cutting (หลายสาขา) | H3: Historical | I3: ทุก 10 ปี | J3: คน; ครัวเรือน | K3: Annual | L3: Tambon | M3: ระดับตำบล (basic) ถึงระดับจังหวัด (deep attributes) | N3: Database; CSV | O3: Open | P3: https://nsodw.nso.go.th/dwportal/Home.aspx | Q3: - | R3: วัดผู้อยู่อาศัยจริง ไม่ใช่ทะเบียนราษฎร์ | S3: Website ระบบคลังข้อมูลสถิติ | T3: Website | U3: Open | V3: ข้อมูลจากการสัมภาษณ์
A4: NSO_1_3 | B4: สำมะโนการเกษตร (Agricultural Census) | C4: IMPACT (Backward-looking) | D4: Vulnerability | E4: SENSITIVITY | F4: Drought (ภัยแล้ง); Flood (อุทกภัย) | G4: Agriculture (เกษตร) | H4: Historical | I4: Unknown | J4: ครัวเรือน; ไร่; THB | K4: Annual | L4: Tambon | M4: ระดับตำบล | N4: Database; CSV | O4: Open | P4: https://nsodw.nso.go.th/dwportal/Home.aspx | Q4: - | R4: รวมตัวชี้วัดความเปราะบาง: หนี้สิน, การเป็นเจ้าของทรัพย์สิน, การถือครองที่ดิน | S4: Website ระบบคลังข้อมูลสถิติ | T4: Website | U4: Open | V4: ข้อมูลจากการสัมภาษณ์
A5: NSO_1_4 | B5: สำมะโนอุตสาหกรรม (Industrial Census) | C5: IMPACT (Backward-looking) | D5: Exposure | E5: EXPOSED_ASSET | F5: Cross-cutting (ทุกภัย) | G5: Cross-cutting (หลายสาขา) | H5: Historical | I5: Unknown | J5: สถานประกอบการ | K5: Annual | L5: Province | M5: รายจังหวัด | N5: Database; CSV | O5: Open | P5: https://nsodw.nso.go.th/dwportal/Home.aspx | Q5: financial attributes ละเอียดได้แค่ระดับจังหวัด | R5: - | S5: Website ระบบคลังข้อมูลสถิติ | T5: Website | U5: Open | V5: ข้อมูลจากการสัมภาษณ์
A6: NSO_1_5 | B6: การสำรวจภาวะการทำงานของประชากร (Labor Force Survey) | C6: IMPACT (Backward-looking) | D6: Exposure | E6: EXPOSED_ASSET | F6: Cross-cutting (ทุกภัย) | G6: Cross-cutting (หลายสาขา) | H6: Historical | I6: Unknown | J6: คน | K6: Monthly | L6: Province | M6: - | N6: Database; CSV | O6: Open | P6: https://nsodw.nso.go.th/dwportal/Home.aspx | Q6: - | R6: สำรวจ ~20,000 ครัวเรือน/100,000 คน ต่อเดือน | S6: Website ระบบคลังข้อมูลสถิติ | T6: Website | U6: Open | V6: ข้อมูลจากการสัมภาษณ์
A7: NSO_1_6 | B7: การสำรวจภาวะเศรษฐกิจและสังคมของครัวเรือน (Socio-Economic Survey - SES) | C7: IMPACT (Backward-looking) | D7: Vulnerability | E7: SENSITIVITY | F7: Cross-cutting (ทุกภัย) | G7: Human Settlement (ตั้งถิ่นฐาน); Cross-cutting (หลายสาขา) | H7: Historical | I7: Unknown | J7: THB; ครัวเรือน | K7: Annual | L7: Province | M7: - | N7: Database; CSV | O7: Open | P7: https://nsodw.nso.go.th/dwportal/Home.aspx | Q7: ใช้ proxy questions เช่น การใช้เชื้อเพลิงแข็ง | R7: - | S7: Website ระบบคลังข้อมูลสถิติ | T7: Website | U7: Open | V7: ข้อมูลจากการสัมภาษณ์
A8: NSO_1_7 | B8: กรอบการพัฒนาสถิติสิ่งแวดล้อม (Framework for Development of Environment Statistics - FDES) | C8: Spatial Unit | D8: Spatial Unit | E8: SPATIAL_UNIT | F8: Cross-cutting (ทุกภัย) | G8: Natural Resources (ทรัพยากรธรรมชาติ); Cross-cutting (หลายสาขา) | H8: Historical | I8: Unknown | J8: - | K8: Annual | L8: National | M8: - | N8: PDF Report; Database | O8: Restricted | P8: - | Q8: รายการสถิติยังรอ ครม. อนุมัติ | R8: ปรับจากแนวทาง UN: 6 components / 21 sub-components | S8: ข้อมูลจากการสัมภาษณ์ | T8: Interview | U8: Restricted | V8: ข้อมูลจากการสัมภาษณ์
A9: NSO_1_8 | B9: ฐานข้อมูล Common Frame ของสถานประกอบการ (Common Frame Database of establishments) | C9: Spatial Unit | D9: Exposure | E9: EXPOSED_ASSET | F9: Cross-cutting (ทุกภัย) | G9: Cross-cutting (หลายสาขา) | H9: Historical | I9: Unknown | J9: สถานประกอบการ | K9: Annual | L9: Tambon | M9: ระดับตำบล | N9: Database | O9: Restricted | P9: - | Q9: - | R9: รวมข้อมูลจาก >10 หน่วยงาน เช่น พค. กรง. | S9: ข้อมูลจากการสัมภาษณ์ | T9: Interview | U9: Restricted | V9: ข้อมูลจากการสัมภาษณ์
A10: NSO_2_1 | B10: จำนวนครัวเรือนทั้งหมด — สำนักงานสถิติ/สภาพัฒน์ฯ | C10: Forward-looking | D10: Exposure | E10: EXPOSED_ASSET | F10: Drought (ภัยแล้ง); Flood (อุทกภัย); Heat (คลื่นความร้อน) | G10: Human Settlement — ตั้งถิ่นฐาน | H10: Historical; Projected | I10: 1960-2014; 2015-2040; 2041-2060; 2061-2080; 2081-2100 | J10: คน | K10: Annual | L10: National | M10: Province | N10: CSV | O10: Restricted | P10: - | Q10: - | R10: อาจมาจาก: สำนักงานสถิติแห่งชาติ / สภาพัฒน์ฯ (ข้อมูลการจ้างงาน/ผู้มีงานทำ) | S10: Report รายงานฉบับสมบูรณ์โครงการปรับปรุงระบบฐานข้อมูลความเสี่ยงเชิงพื้นที่จากการเปลี่ยนแปลงสภาพภูมิอากาศ | T10: Report | U10: Restricted
A11: NSO_2_2 | B11: จำนวนประชากรแฝง | C11: Forward-looking | D11: Vulnerability | E11: SENSITIVITY | F11: Drought (ภัยแล้ง); Flood (อุทกภัย); Heat (คลื่นความร้อน) | G11: Human Settlement — ตั้งถิ่นฐาน | H11: Historical; Projected | I11: 1960-2014; 2015-2040; 2041-2060; 2061-2080; 2081-2100 | J11: คน | K11: Annual | L11: National | M11: Province | N11: CSV | O11: Restricted | P11: - | Q11: - | R11: อาจมาจาก: สำนักงานสถิติแห่งชาติ / สภาพัฒน์ฯ (ประชากรแฝง) | S11: Report รายงานฉบับสมบูรณ์โครงการปรับปรุงระบบฐานข้อมูลความเสี่ยงเชิงพื้นที่จากการเปลี่ยนแปลงสภาพภูมิอากาศ | T11: Report | U11: Restricted
A12: NSO_2_3 | B12: จำนวนผู้ย้ายถิ่นภายใน 5 ปี | C12: Forward-looking | D12: Vulnerability | E12: SENSITIVITY | F12: Drought (ภัยแล้ง); Flood (อุทกภัย); Heat (คลื่นความร้อน) | G12: Human Settlement — ตั้งถิ่นฐาน | H12: Historical; Projected | I12: 1960-2014; 2015-2040; 2041-2060; 2061-2080; 2081-2100 | J12: คน | K12: Annual | L12: National | M12: Province | N12: CSV | O12: Restricted | P12: - | Q12: - | R12: อาจมาจาก: สำนักงานสถิติแห่งชาติ / กรมการปกครอง (ข้อมูลผู้ย้ายถิ่น) | S12: Report รายงานฉบับสมบูรณ์โครงการปรับปรุงระบบฐานข้อมูลความเสี่ยงเชิงพื้นที่จากการเปลี่ยนแปลงสภาพภูมิอากาศ | T12: Report | U12: Restricted
A13: NSO_2_4 | B13: จำนวนครัวเรือนที่ผู้หญิงเป็นแม่เลี้ยงเดี่ยว | C13: Forward-looking | D13: Vulnerability | E13: SENSITIVITY | F13: Drought (ภัยแล้ง); Flood (อุทกภัย); Heat (คลื่นความร้อน) | G13: Human Settlement — ตั้งถิ่นฐาน | H13: Historical; Projected | I13: 1960-2014; 2015-2040; 2041-2060; 2061-2080; 2081-2100 | J13: - | K13: Annual | L13: National | M13: Province | N13: CSV | O13: Restricted | P13: - | Q13: - | R13: อาจมาจาก: สำนักงานสถิติแห่งชาติ / สภาพัฒน์ฯ | S13: Report รายงานฉบับสมบูรณ์โครงการปรับปรุงระบบฐานข้อมูลความเสี่ยงเชิงพื้นที่จากการเปลี่ยนแปลงสภาพภูมิอากาศ | T13: Report | U13: Restricted
A14: NSO_2_5 | B14: จำนวนครัวเรือนทั้งหมด | C14: Forward-looking | D14: Exposure | E14: EXPOSED_ASSET | F14: Heat (คลื่นความร้อน) | G14: Water — น้ำ | H14: Historical; Projected | I14: 1960-2014; 2015-2040; 2041-2060; 2061-2080; 2081-2100 | J14: ครัวเรือน | K14: Annual | L14: National | M14: Province | N14: CSV | O14: Restricted | P14: - | Q14: - | R14: อาจมาจาก: สำนักงานสถิติแห่งชาติ / สภาพัฒน์ฯ (จำนวนครัวเรือน) | S14: Report รายงานฉบับสมบูรณ์โครงการปรับปรุงระบบฐานข้อมูลความเสี่ยงเชิงพื้นที่จากการเปลี่ยนแปลงสภาพภูมิอากาศ | T14: Report | U14: Restricted
A15: NSO_2_6 | B15: สัดส่วนของประชากรที่สำเร็จการศึกษาตั้งแต่มัธยมศึกษาตอนปลายขึ้นไป | C15: Forward-looking | D15: Vulnerability | E15: ADAPTIVE_CAPACITY | F15: Drought (ภัยแล้ง); Flood (อุทกภัย); Heat (คลื่นความร้อน) | G15: Public Health — สาธารณสุข | H15: Historical; Projected | I15: 1960-2014; 2015-2040; 2041-2060; 2061-2080; 2081-2100 | J15: - | K15: Annual | L15: National | M15: Province | N15: CSV | O15: Restricted | P15: - | Q15: - | R15: อาจมาจาก: สำนักงานสถิติแห่งชาติ / กระทรวงศึกษาธิการ (ระดับการศึกษา) | S15: Report รายงานฉบับสมบูรณ์โครงการปรับปรุงระบบฐานข้อมูลความเสี่ยงเชิงพื้นที่จากการเปลี่ยนแปลงสภาพภูมิอากาศ | T15: Report | U15: Restricted

Sheet EPPO
A1: รหัส Dataset ID | B1: ชื่อชุดข้อมูล (TH) Dataset Name (Thai) | C1: ขอบข่ายข้อมูล Domain | D1: ขอบข่ายข้อมูลย่อย Sub_Domain | E1: ชื่อประเภทข้อมูล Data_Entity | F1: ภัยที่เกี่ยวข้อง Related Hazards | G1: สาขา Sectors | H1: มิติด้านเวลา Temporal Dimension | I1: ช่วงเวลา Time Period | J1: หน่วย Unit | K1: ความละเอียดเชิงเวลา Temporal Resolution | L1: ขอบเขตเชิงพื้นที่ Spatial Scope | M1: ความละเอียดเชิงพื้นที่ Spatial Resolution | N1: รูปแบบไฟล์ Format | O1: ระดับการเข้าถึง Access_Level | P1: URL | Q1: ข้อจำกัด Limitations / Gaps | R1: หมายเหตุ Remarks | S1: ชื่อแหล่งที่มา Source_Name | T1: ประเภทแหล่งที่มา Source_Type | U1: ระดับการเข้าถึง Access_Level | V1: หมายเหตุ Remarks
A2: EPPO_1_1 | B2: ตำแหน่งที่ตั้งโรงไฟฟ้า | C2: Forward-looking | D2: Exposure | E2: EXPOSED_ASSET | F2: Cross-cutting (ทุกภัย) | G2: Human Settlement (ตั้งถิ่นฐาน) | H2: Historical | I2: Unknown | J2: จำนวนแห่ง | K2: Unknown | L2: National | M2: Point | N2: CSV | O2: Restricted | P2: https://www2.eppo.go.th/cdf/data_regional_central.html | Q2: - | R2: ข้อมูลตำแหน่งที่ตั้งและขอบเขตของโรงไฟฟ้า รวมถึงประเภทโรงไฟฟ้า | จากรายการขอข้อมูล WebGIS DCCE 19/01/2026 (1_Data_WebGIS_DCCE_20260119.xlsx → sheet: EPPO, ลำดับที่ 1) | S2: Website ข้อมูลโรงไฟฟ้า | T2: Website | U2: Open

Sheet DPT
A1: รหัส Dataset ID | B1: ชื่อชุดข้อมูล (TH) Dataset Name (Thai) | C1: ขอบข่ายข้อมูล Domain | D1: ขอบข่ายข้อมูลย่อย Sub_Domain | E1: ชื่อประเภทข้อมูล Data_Entity | F1: ภัยที่เกี่ยวข้อง Related Hazards | G1: สาขา Sectors | H1: มิติด้านเวลา Temporal Dimension | I1: ช่วงเวลา Time Period | J1: หน่วย Unit | K1: ความละเอียดเชิงเวลา Temporal Resolution | L1: ขอบเขตเชิงพื้นที่ Spatial Scope | M1: ความละเอียดเชิงพื้นที่ Spatial Resolution | N1: รูปแบบไฟล์ Format | O1: ระดับการเข้าถึง Access_Level | P1: URL | Q1: ข้อจำกัด Limitations / Gaps | R1: หมายเหตุ Remarks | S1: ชื่อแหล่งที่มา Source_Name | T1: ประเภทแหล่งที่มา Source_Type | U1: ระดับการเข้าถึง Access_Level | V1: หมายเหตุ Remarks
A2: DPT_1_1 | B2: แผนที่พื้นที่เสี่ยงน้ำท่วมเพื่อการวางผังเมือง (Flood-prone area planning maps) | C2: IMPACT (Backward-looking) | D2: Hazard | E2: HAZARD_MAP | F2: Flood (อุทกภัย) | G2: Human Settlement (ตั้งถิ่นฐาน) | H2: Historical | I2: - | J2: - | K2: Event-based | L2: Basin | M2: - | N2: Shapefile; PDF Report | O2: Restricted | P2: - | Q2: ใช้สถิติฝนในอดีต ยังไม่ปรับตามการเปลี่ยนแปลงสภาพภูมิอากาศ | R2: ใช้ในงานวางผังเมืองและวางระบบระบายน้ำลุ่มน้ำ | S2: ข้อมูลจากการสัมภาษณ์ | T2: Interview | U2: Restricted
A3: DPT_1_2 | B3: ข้อมูลการใช้ประโยชน์ที่ดินจากผังเมือง (Land-use data from town/city plans) | C3: Spatial Unit | D3: Exposure | E3: EXPOSED_ASSET | F3: Cross-cutting (ทุกภัย) | G3: Human Settlement (ตั้งถิ่นฐาน) | H3: Historical | I3: ตามรอบปรับปรุงผังเมือง | J3: - | K3: Event-based | L3: Sub-national | M3: ระดับจังหวัด/เมือง | N3: Shapefile; PDF Report | O3: Restricted | P3: - | Q3: ส่วนใหญ่ยังเป็น PDF/กระดาษ ไม่ใช่ข้อมูล GIS-ready | R3: ผลิตเองโดย DPT | S3: ข้อมูลจากการสัมภาษณ์ | T3: Interview | U3: Restricted
A4: DPT_1_3 | B4: ข้อมูลอาคารและการใช้ประโยชน์อาคารจากการสำรวจภาคสนาม (Building-use data from field surveys) | C4: Spatial Unit | D4: Exposure | E4: EXPOSED_ASSET | F4: Cross-cutting (ทุกภัย) | G4: Human Settlement (ตั้งถิ่นฐาน) | H4: Historical | I4: - | J4: - | K4: Event-based | L4: District | M4: - | N4: Shapefile | O4: Restricted | P4: - | Q4: ความถี่ในการอัปเดตขึ้นกับโครงการ ไม่ใช่ของ อปท. | R4: ผลิตเองโดย DPT | S4: ข้อมูลจากการสัมภาษณ์ | T4: Interview | U4: Restricted
A5: DPT_1_4 | B5: แผนระบบระบายน้ำลุ่มน้ำ (River-basin drainage planning data) | C5: Adaptation Planning | D5: Response | E5: RESPONSE | F5: Flood (อุทกภัย) | G5: Water (น้ำ); Human Settlement (ตั้งถิ่นฐาน) | H5: Historical; Projected | I5: - | J5: - | K5: Event-based | L5: Basin | M5: - | N5: PDF Report; Shapefile | O5: Restricted | P5: - | Q5: ขาดข้อมูล terrain และโครงข่ายระบายน้ำที่ละเอียดพอสำหรับ flood model | R5: - | S5: ข้อมูลจากการสัมภาษณ์ | T5: Interview | U5: Restricted
A6: DPT_1_5 | B6: แผนที่ความเสี่ยงและแนวทางผังเมืองยืดหยุ่นจากโครงการ Urban-Act (Risk maps & resilient urban planning from Urban-Act project) | C6: Forward-looking | D6: Risk Metric | E6: RISK_METRIC | F6: Flood (อุทกภัย); Heat (คลื่นความร้อน) | G6: Human Settlement (ตั้งถิ่นฐาน) | H6: Projected | I6: - | J6: - | K6: Annual | L6: Sub-national | M6: ระดับเมือง (เชียงใหม่ ภูเก็ต) | N6: Shapefile; PDF Report | O6: Restricted | P6: - | Q6: นำร่องเฉพาะบางพื้นที่ ยังไม่ครอบคลุมทั่วประเทศ | R6: ความร่วมมือกับ GIZ และมหาวิทยาลัย | S6: ข้อมูลจากการสัมภาษณ์ | T6: Interview | U6: Restricted
A7: DPT_2_1 | B7: พื้นที่เมือง | C7: Forward-looking | D7: Exposure | E7: EXPOSED_ASSET | F7: Drought (ภัยแล้ง) | G7: Human Settlement — ตั้งถิ่นฐาน | H7: Historical; Projected | I7: 1960-2014; 2015-2040; 2041-2060; 2061-2080; 2081-2100 | J7: ตร.กม. | K7: Annual | L7: National | M7: Province | N7: CSV | O7: Restricted | P7: - | Q7: - | R7: อาจมาจาก: กรมโยธาธิการและผังเมือง / กรมพัฒนาที่ดิน (ขอบเขตพื้นที่เมือง/การใช้ที่ดิน); สภาพัฒน์ฯ (ข้อมูลประชากร/เมือง) | S7: Report รายงานฉบับสมบูรณ์โครงการปรับปรุงระบบฐานข้อมูลความเสี่ยงเชิงพื้นที่จากการเปลี่ยนแปลงสภาพภูมิอากาศ | T7: Report | U7: Restricted
A8: DPT_2_2 | B8: โครงสร้างพื้นฐานการระบายน้ำ | C8: Forward-looking | D8: Exposure | E8: EXPOSED_ASSET | F8: Flood (อุทกภัย) | G8: Human Settlement — ตั้งถิ่นฐาน | H8: Historical; Projected | I8: 1960-2014; 2015-2040; 2041-2060; 2061-2080; 2081-2100 | J8: - | K8: Annual | L8: National | M8: Province | N8: CSV | O8: Restricted | P8: - | Q8: - | R8: อาจมาจาก: กรมโยธาธิการและผังเมือง / กรุงเทพมหานคร (โครงสร้างการระบายน้ำ) | S8: Report รายงานฉบับสมบูรณ์โครงการปรับปรุงระบบฐานข้อมูลความเสี่ยงเชิงพื้นที่จากการเปลี่ยนแปลงสภาพภูมิอากาศ | T8: Report | U8: Restricted
A9: DPT_2_3 | B9: สัดส่วนของระบบป้องกันน้ำท่วมของพื้นที่เมือง | C9: Forward-looking | D9: Vulnerability | E9: ADAPTIVE_CAPACITY | F9: Flood (อุทกภัย) | G9: Human Settlement — ตั้งถิ่นฐาน | H9: Historical; Projected | I9: 1960-2014; 2015-2040; 2041-2060; 2061-2080; 2081-2100 | J9: - | K9: Annual | L9: National | M9: Province | N9: CSV | O9: Restricted | P9: - | Q9: - | R9: อาจมาจาก: กรมโยธาธิการและผังเมือง (ระบบป้องกันน้ำท่วมเขตเมือง) | S9: Report รายงานฉบับสมบูรณ์โครงการปรับปรุงระบบฐานข้อมูลความเสี่ยงเชิงพื้นที่จากการเปลี่ยนแปลงสภาพภูมิอากาศ | T9: Report | U9: Restricted
A10: DPT_2_4 | B10: สัดส่วนของจำนวนของระบบป้องกันน้ำท่วมของพื้นที่เมือง (เทศบาล) ในพื้นที่ต่อจำนวนพื้นที่เมืองทั้งหมด | C10: Forward-looking | D10: Vulnerability | E10: ADAPTIVE_CAPACITY | F10: Flood (อุทกภัย) | G10: Water — น้ำ | H10: Historical; Projected | I10: 1960-2014; 2015-2040; 2041-2060; 2061-2080; 2081-2100 | J10: - | K10: Annual | L10: National | M10: Province | N10: CSV | O10: Restricted | P10: - | Q10: - | R10: อาจมาจาก: กรมโยธาธิการและผังเมือง (ระบบป้องกันน้ำท่วมเขตเมือง/เทศบาล) | S10: Report รายงานฉบับสมบูรณ์โครงการปรับปรุงระบบฐานข้อมูลความเสี่ยงเชิงพื้นที่จากการเปลี่ยนแปลงสภาพภูมิอากาศ | T10: Report | U10: Restricted

Sheet BMA
A1: รหัส Dataset ID | B1: ชื่อชุดข้อมูล (TH) Dataset Name (Thai) | C1: ขอบข่ายข้อมูล Domain | D1: ขอบข่ายข้อมูลย่อย Sub_Domain | E1: ชื่อประเภทข้อมูล Data_Entity | F1: ภัยที่เกี่ยวข้อง Related Hazards | G1: สาขา Sectors | H1: มิติด้านเวลา Temporal Dimension | I1: ช่วงเวลา Time Period | J1: หน่วย Unit | K1: ความละเอียดเชิงเวลา Temporal Resolution | L1: ขอบเขตเชิงพื้นที่ Spatial Scope | M1: ความละเอียดเชิงพื้นที่ Spatial Resolution | N1: รูปแบบไฟล์ Format | O1: ระดับการเข้าถึง Access_Level | P1: URL | Q1: ข้อจำกัด Limitations / Gaps | R1: หมายเหตุ Remarks | S1: ชื่อแหล่งที่มา Source_Name | T1: ประเภทแหล่งที่มา Source_Type | U1: ระดับการเข้าถึง Access_Level | V1: หมายเหตุ Remarks
A2: BMA_1_1 | B2: ข้อมูลปริมาณน้ำฝนจากสถานีตรวจวัดของ กทม. (Rainfall measurements from BMA stations) | C2: IMPACT (Backward-looking) | D2: Hazard | E2: METEOROLOGICAL_OBSERVATION | F2: Flood (อุทกภัย); Storm (พายุ) | G2: Water (น้ำ); Human Settlement (ตั้งถิ่นฐาน) | H2: Historical | I2: - | J2: mm | K2: Real-time | L2: Point | M2: สถานีตรวจวัดของ กทม. | N2: API / Web Service; CSV | O2: Open | P2: https://weather.bangkok.go.th | Q2: - | R2: ใช้ตัดสินใจปฏิบัติการระบายน้ำ | S2: ข้อมูลจากการสัมภาษณ์ | T2: Interview | U2: Open
A3: BMA_1_2 | B3: ข้อมูลภาพเรดาร์ตรวจฝน (Rainfall radar data) | C3: Forward-looking | D3: Hazard | E3: METEOROLOGICAL_OBSERVATION | F3: Flood (อุทกภัย); Storm (พายุ) | G3: Water (น้ำ) | H3: Forecast | I3: - | J3: mm/hr | K3: Sub-daily | L3: Sub-national | M3: - | N3: Image; API / Web Service | O3: Open | P3: https://weather.bangkok.go.th | Q3: พยากรณ์สั้น 1-3 ชม. ยังไม่แม่นยำสำหรับ rain bomb เฉพาะจุด | R3: - | S3: ข้อมูลจากการสัมภาษณ์ | T3: Interview | U3: Open
A4: BMA_2_1 | B4: ข้อมูลระดับน้ำในคลอง (Canal water levels) | C4: IMPACT (Backward-looking) | D4: Hazard | E4: HAZARDOUS_EVENT | F4: Flood (อุทกภัย) | G4: Water (น้ำ) | H4: Historical | I4: - | J4: m | K4: Real-time | L4: Point | M4: คลอง/ประตูระบายน้ำ | N4: API / Web Service | O4: Open | P4: https://data.bangkok.go.th/th/ | Q4: - | R4: - | S4: ข้อมูลจากการสัมภาษณ์ | T4: Interview | U4: Open
A5: BMA_2_2 | B5: ข้อมูลตรวจวัดน้ำท่วมถนน (Road-flood monitoring data) | C5: IMPACT (Backward-looking) | D5: Disaster Record | E5: DISASTER_RECORD | F5: Flood (อุทกภัย) | G5: Human Settlement (ตั้งถิ่นฐาน) | H5: Historical | I5: - | J5: - | K5: Real-time | L5: Point | M5: จุดตรวจวัด | N5: API / Web Service | O5: Open | P5: https://data.bangkok.go.th/th/ | Q5: - | R5: - | S5: ข้อมูลจากการสัมภาษณ์ | T5: Interview | U5: Open
A6: BMA_2_3 | B6: ฐานข้อมูลทรัพย์สินระบบระบายน้ำ ท่อ คลอง อุโมงค์ สถานีสูบน้ำ ประตูระบายน้ำ (Drainage system asset inventory) | C6: Spatial Unit | D6: Exposure | E6: EXPOSED_ASSET | F6: Flood (อุทกภัย) | G6: Human Settlement (ตั้งถิ่นฐาน); Water (น้ำ) | H6: Historical | I6: - | J6: km; จำนวนแห่ง | K6: Annual | L6: Sub-national | M6: ทั่วพื้นที่ กทม. | N6: Shapefile; Database | O6: Restricted | P6: https://data.bangkok.go.th/th/ | Q6: - | R6: ท่อระบายน้ำ ~6,800 km; คลอง ~2,700 km; อุโมงค์ระบายน้ำ 4 แห่ง | S6: ข้อมูลจากการสัมภาษณ์ | T6: Interview | U6: Open
A7: BMA_2_4 | B7: ข้อมูลห้องและจุดคลายร้อนของ กทม. (Cooling rooms / cooling points) | C7: Adaptation Planning | D7: Response | E7: RESPONSE | F7: Heat (คลื่นความร้อน) | G7: Public Health (สาธารณสุข); Human Settlement (ตั้งถิ่นฐาน) | H7: Historical | I7: 2569 (2026) | J7: จำนวนแห่ง | K7: Annual | L7: Sub-national | M7: ทั่วพื้นที่ กทม. | N7: Database; PDF Report | O7: Open | P7: https://data.bangkok.go.th/th/ | Q7: - | R7: 255 ห้องคลายร้อน; ตามแผนจัดการความร้อน 2569 | S7: ข้อมูลจากการสัมภาษณ์ | T7: Interview | U7: Open
A8: BMA_3_1 | B8: ข้อมูลคุณภาพอากาศและดัชนีความร้อนของ กทม. (Air quality monitoring & Heat Index) | C8: IMPACT (Backward-looking) | D8: Hazard | E8: ENVIRONMENT | F8: Heat (คลื่นความร้อน); Air Quality / Haze (คุณภาพอากาศ / หมอกควัน) | G8: Public Health (สาธารณสุข); Human Settlement (ตั้งถิ่นฐาน) | H8: Historical | I8: - | J8: °C; Heat Index; AQI | K8: Real-time | L8: Point | M8: สถานีตรวจวัด | N8: API / Web Service | O8: Open | P8: https://airbkk.com | Q8: ขาดข้อมูล urban heat island ระดับถนน/ย่าน | R8: - | S8: ข้อมูลจากการสัมภาษณ์ | T8: Interview | U8: Open

Sheet UDDC
A1: รหัส Dataset ID | B1: ชื่อชุดข้อมูล (TH) Dataset Name (Thai) | C1: ขอบข่ายข้อมูล Domain | D1: ขอบข่ายข้อมูลย่อย Sub_Domain | E1: ชื่อประเภทข้อมูล Data_Entity | F1: ภัยที่เกี่ยวข้อง Related Hazards | G1: สาขา Sectors | H1: มิติด้านเวลา Temporal Dimension | I1: ช่วงเวลา Time Period | J1: หน่วย Unit | K1: ความละเอียดเชิงเวลา Temporal Resolution | L1: ขอบเขตเชิงพื้นที่ Spatial Scope | M1: ความละเอียดเชิงพื้นที่ Spatial Resolution | N1: รูปแบบไฟล์ Format | O1: ระดับการเข้าถึง Access_Level | P1: URL | Q1: ข้อจำกัด Limitations / Gaps | R1: หมายเหตุ Remarks | S1: ชื่อแหล่งที่มา Source_Name | T1: ประเภทแหล่งที่มา Source_Type | U1: ระดับการเข้าถึง Access_Level | V1: หมายเหตุ Remarks
A2: UDDC_1_1 | B2: แบบจำลองน้ำท่วมรายละเอียดสูงด้วย DEM 1 เมตร (High-resolution flood inundation model with 1m DEM) | C2: Forward-looking | D2: Hazard | E2: HAZARD_MAP | F2: Flood (อุทกภัย) | G2: Human Settlement (ตั้งถิ่นฐาน); Water (น้ำ) | H2: Projected | I2: Unknown | J2: m (depth) | K2: Annual | L2: Sub-national | M2: 1 m (Grid) | N2: GeoTIFF / Raster; Shapefile | O2: Restricted | P2: - | Q2: เฉพาะพื้นที่นำร่อง เชียงราย และสุราษฎร์ธานี | R2: โครงการ URBAN (IKI-Germany 2024-2028) ร่วมกับ ADPC, TMD, DDPM | S2: ข้อมูลจากการสัมภาษณ์ | T2: Interview | U2: Restricted | V2: SSP3; SSP5
A3: UDDC_1_2 | B3: ข้อมูลภูมิประเทศจากภาพถ่ายโดรน DSM/DTM ความละเอียด 20 ซม. (20cm drone-captured DSM/DTM) | C3: Spatial Unit | D3: Spatial Unit | E3: TOPOGRAPHY | F3: Flood (อุทกภัย) | G3: Natural Resources (ทรัพยากรธรรมชาติ); Human Settlement (ตั้งถิ่นฐาน) | H3: Historical | I3: Unknown | J3: m | K3: Event-based | L3: Point | M3: 0.2 m (Grid) | N3: GeoTIFF / Raster | O3: Restricted | P3: - | Q3: เก็บเฉพาะพื้นที่ออกแบบ NbS รายโครงการ | R3: - | S3: ข้อมูลจากการสัมภาษณ์ | T3: Interview | U3: Restricted
A4: UDDC_1_3 | B4: การประเมินความเปราะบางและความเสี่ยงเชิงพื้นที่ระดับเมือง (Local climate risk/vulnerability assessment) | C4: Forward-looking | D4: Vulnerability | E4: VULNERABILITY_FRAMEWORK | F4: Flood (อุทกภัย); Landslide (ดินถล่ม); Sea-level Rise (ระดับน้ำทะเลสูงขึ้น); Drought (ภัยแล้ง) | G4: Human Settlement (ตั้งถิ่นฐาน); Cross-cutting (หลายสาขา) | H4: Projected | I4: Unknown | J4: - | K4: Annual | L4: Sub-national | M4: ระดับเมือง | N4: Shapefile; PDF Report | O4: Restricted | P4: - | Q4: การ downscale ภัยแล้งทำได้ยาก เพราะขาดข้อมูล baseline น้ำใต้ดิน | R4: ใช้แนวคิด Double Vulnerability ผสานข้อมูลกายภาพและเศรษฐกิจสังคม | S4: ข้อมูลจากการสัมภาษณ์ | T4: Interview | U4: Restricted
A5: UDDC_1_4 | B5: แผนยุทธศาสตร์เชิงพื้นที่และแผนจัดการพื้นที่ชุ่มน้ำท้องถิ่น (Spatial strategic plans & local wetland management plans) | C5: Adaptation Planning | D5: Response | E5: RESPONSE | F5: Flood (อุทกภัย); Drought (ภัยแล้ง) | G5: Natural Resources (ทรัพยากรธรรมชาติ); Water (น้ำ) | H5: Projected | I5: Unknown | J5: - | K5: Annual | L5: Sub-national | M5: ระดับเมือง/ตำบล | N5: PDF Report; Shapefile | O5: Restricted | P5: - | Q5: - | R5: - | S5: ข้อมูลจากการสัมภาษณ์ | T5: Interview | U5: Restricted
A6: UDDC_1_5 | B6: ผลแบบจำลอง Urban InVest ประเมินศักยภาพระบบนิเวศเมือง (Urban InVest model outputs) | C6: Forward-looking | D6: Composite Index | E6: COMPOSITE_INDEX | F6: Flood (อุทกภัย); Drought (ภัยแล้ง) | G6: Natural Resources (ทรัพยากรธรรมชาติ); Water (น้ำ) | H6: Projected | I6: Unknown | J6: - | K6: Annual | L6: Sub-national | M6: ระดับเมือง | N6: GeoTIFF / Raster; Shapefile | O6: Restricted | P6: - | Q6: ใช้บริการแบบจำลองภายนอก (Urban InVest) | R6: - | S6: ข้อมูลจากการสัมภาษณ์ | T6: Interview | U6: Restricted

Sheet FTI
A1: รหัส Dataset ID | B1: ชื่อชุดข้อมูล (TH) Dataset Name (Thai) | C1: ขอบข่ายข้อมูล Domain | D1: ขอบข่ายข้อมูลย่อย Sub_Domain | E1: ชื่อประเภทข้อมูล Data_Entity | F1: ภัยที่เกี่ยวข้อง Related Hazards | G1: สาขา Sectors | H1: มิติด้านเวลา Temporal Dimension | I1: ช่วงเวลา Time Period | J1: หน่วย Unit | K1: ความละเอียดเชิงเวลา Temporal Resolution | L1: ขอบเขตเชิงพื้นที่ Spatial Scope | M1: ความละเอียดเชิงพื้นที่ Spatial Resolution | N1: รูปแบบไฟล์ Format | O1: ระดับการเข้าถึง Access_Level | P1: URL | Q1: ข้อจำกัด Limitations / Gaps | R1: หมายเหตุ Remarks | S1: ชื่อแหล่งที่มา Source_Name | T1: ประเภทแหล่งที่มา Source_Type | U1: ระดับการเข้าถึง Access_Level | V1: หมายเหตุ Remarks
A2: FTI_1_1 | B2: ข้อมูลความต้องการใช้น้ำของภาคอุตสาหกรรม (Industrial water demand data) | C2: IMPACT (Backward-looking) | D2: Exposure | E2: EXPOSED_ASSET | F2: Drought (ภัยแล้ง) | G2: Water (น้ำ); Cross-cutting (หลายสาขา) | H2: Historical | I2: Up to 2025 | J2: ลบ.ม. | K2: Annual | L2: Sub-national | M2: Unknown | N2: Database; CSV | O2: Restricted | P2: - | Q2: - | R2: ใช้ใน War Room บริหารจัดการน้ำ EEC | S2: ข้อมูลจากการสัมภาษณ์ | T2: Interview | U2: Restricted
